Family_Income_Monthly,Current_CGPA,Student_Motivation,Physical_Verification_Score,Siblings_Count,Parents_Employed,School_Type_Public,Gender,Dropout_Likelihood
20795,6.132307412114437,6,3,1,0,0,Male,0
5860,8.702750706912383,8,6,0,1,1,Male,0
16284,7.325359084792099,4,9,4,0,1,Female,0
11265,4.031377681257476,7,2,2,0,1,Female,1
21850,8.565944560168564,6,1,4,0,1,Male,0
26962,4.211868129641434,2,3,3,0,1,Female,1
21023,8.474402696387394,8,4,4,1,0,Male,0
6685,5.214883360991425,9,5,4,0,1,Female,1
5769,9.74844088071628,5,3,3,1,1,Male,0
7433,6.207644507812507,4,2,1,1,0,Female,0
10311,5.961589698028474,6,2,4,0,1,Male,1
22568,4.893328301994668,8,7,0,0,0,Female,0
24769,5.8336252929412895,3,9,4,1,1,Male,1
33693,9.259904570969203,1,2,0,1,1,Male,0
11396,9.978006025763484,4,7,3,1,0,Male,0
32480,6.20985718304109,4,7,4,1,1,Male,0
30658,6.691663785727256,1,7,3,0,1,Female,0
23942,8.332425629216422,9,3,3,1,1,Male,0
23431,9.317174682790448,3,7,1,1,1,Female,0
7747,7.558266005120705,5,1,4,1,0,Female,0
5189,6.349154189066976,6,1,0,1,0,Male,0
24118,6.4757310450917425,8,5,0,0,1,Male,0
6899,8.173708878980841,6,2,4,0,1,Male,0
6267,4.019309581625672,3,9,1,0,0,Male,1
36551,7.717536024759044,6,7,1,1,0,Female,0
16394,6.132958062648145,1,4,1,1,1,Female,0
8556,8.765183987662505,4,4,0,0,0,Female,0
8890,4.557943838938793,6,2,3,0,0,Female,1
35740,7.529213601690343,7,5,1,1,0,Male,0
19502,6.885837339316742,3,4,0,0,0,Female,0
26777,7.853953155431364,9,1,0,1,1,Male,0
15627,4.38912156689781,7,8,3,1,0,Male,0
13792,7.479902724568788,1,3,4,1,1,Female,1
13433,7.368907527757142,2,6,4,1,1,Female,1
16016,7.363960566497026,1,4,1,1,0,Female,0
28897,7.620925999578729,9,9,1,1,1,Female,0
7612,8.058807623358174,9,7,3,0,1,Female,0
28483,8.829933998084618,7,9,1,0,0,Female,0
22159,5.6189243207692865,3,3,3,0,0,Male,1
19541,8.950296461080372,5,1,0,1,0,Male,0
31531,6.989534093580722,4,5,1,0,1,Male,0
6585,4.462349674805987,7,3,0,1,1,Female,1
8943,4.351305575463876,9,6,2,1,1,Male,1
28939,6.005429912176365,2,8,3,1,1,Male,0
24457,8.709381862668806,8,4,2,1,0,Male,0
6021,8.246085608445494,9,5,1,0,1,Male,0
16653,8.731689788034439,9,5,0,0,0,Male,0
18417,7.103614338649656,7,4,1,0,0,Male,0
14692,6.641193987732944,9,4,2,1,0,Female,0
11873,4.884715160237704,9,4,1,0,0,Female,1
10675,5.9691565216558695,3,4,4,0,1,Female,1
5161,6.604116197043251,4,4,2,0,0,Male,0
31557,4.531602578077703,2,5,1,1,1,Female,1
38763,5.323671716267268,3,2,0,0,0,Female,1
37606,7.589351764382433,5,2,1,1,0,Male,0
16534,8.41397868543514,5,9,0,0,0,Female,0
34127,9.990085068357697,6,2,4,1,1,Male,0
30851,9.598679988061345,7,6,1,0,0,Female,0
6016,7.85539119721115,7,2,4,0,0,Male,0
29253,6.527488319764432,1,5,2,0,0,Male,0
29276,7.817064188249397,2,4,0,1,0,Female,0
28247,8.713909708481392,9,7,2,0,1,Male,0
29300,4.7100171455403235,2,7,0,0,1,Female,1
13529,6.4594293381777295,6,6,4,1,0,Male,0
22262,9.038813713813703,1,5,3,1,0,Female,0
14268,6.302997711598264,3,1,1,1,1,Female,1
26271,7.431233627363119,2,3,4,1,1,Male,0
17185,7.5266161651731895,3,9,0,0,1,Female,0
26243,5.106857518801836,5,1,0,0,0,Female,0
13571,6.173412649913731,6,5,0,1,1,Female,0
7568,6.007067732451593,9,2,0,0,0,Male,0
7027,4.157180251192389,4,4,1,1,1,Male,1
7695,4.145150583348132,7,1,2,0,1,Female,1
10258,8.990182262054642,6,3,3,1,0,Female,0
27002,5.638424859836874,2,7,1,0,1,Male,1
38159,7.108472597432892,8,3,0,1,0,Male,0
18986,5.792353441532638,7,4,1,1,1,Female,0
17666,9.644075470692043,7,2,4,0,0,Male,0
8561,5.5557805531946425,8,3,0,0,1,Male,1
31854,6.57794087643361,1,9,3,0,1,Female,0
27662,9.236381502907612,1,3,0,1,0,Male,0
13392,9.051601400750851,8,5,3,0,0,Male,0
35535,5.116608507077664,4,2,3,1,0,Male,0
18067,8.815859858774262,5,4,2,0,0,Female,0
28599,6.749121320427356,8,7,2,0,1,Male,0
16837,6.8978132325121315,5,7,1,1,1,Female,0
19039,4.800879834495663,4,3,1,1,1,Male,0
35818,4.483609082542748,6,5,3,0,1,Male,0
24115,8.367635841842592,5,1,0,1,1,Female,0
15965,6.978766914131798,7,1,4,1,1,Female,0
29538,6.621104215691077,7,5,4,0,0,Female,0
10056,8.377049371914381,4,9,0,1,1,Female,0
37482,8.593077393946658,5,1,0,0,1,Male,0
13110,4.953449006016122,3,1,2,0,0,Female,1
18773,7.661350896865848,4,4,4,1,1,Female,0
32266,4.812124493666113,4,4,3,0,1,Female,0
22412,8.508250516174275,3,2,1,1,1,Male,0
38270,7.941730937602837,5,9,2,0,0,Male,0
11910,9.739687726500748,5,9,4,1,0,Female,0
30446,4.413748098138527,7,2,0,1,1,Female,0
5206,4.342328326907526,4,9,4,1,0,Female,1
26518,5.693122448159201,4,6,3,1,1,Female,0
27361,5.570234102415435,9,8,2,1,1,Male,0
28419,5.4818727944319985,6,4,0,0,1,Female,0
27403,9.437527483126221,4,2,3,0,0,Male,0
23141,5.497277199097036,2,2,1,1,1,Female,1
19820,5.6316983567717855,6,9,2,0,1,Female,0
11374,8.556389574507783,2,1,3,1,1,Male,1
6678,6.69843905470324,5,7,3,1,1,Female,0
38827,8.660263341731088,6,3,0,0,1,Female,0
21198,4.392196945386312,4,3,1,0,0,Female,0
14914,6.925427162040306,3,2,3,1,1,Female,1
32890,4.201681601099696,7,6,2,1,0,Male,0
27299,4.375919220732127,2,2,3,1,1,Female,1
7693,9.438624720066466,6,4,4,1,0,Female,0
34467,4.835472226705571,4,9,2,1,1,Male,0
34723,7.194524093651303,6,9,2,1,1,Female,0
8627,6.466573615604239,4,6,3,0,0,Male,0
30939,6.084059957553056,4,4,0,1,0,Female,0
26834,9.399000074123634,4,7,2,1,1,Female,0
23047,4.1309403806529374,9,1,4,0,0,Female,0
31105,7.982738117053534,7,4,0,1,0,Male,0
15230,9.780366605281301,3,5,0,1,1,Male,0
20707,7.361009100771051,3,8,0,0,1,Female,0
26976,9.62093477219855,6,2,2,1,1,Male,0
28776,4.313547275716143,6,5,0,0,1,Female,0
35080,6.512759914444969,4,6,3,1,1,Male,0
6306,5.560946745772307,9,5,0,0,0,Female,1
11776,8.38492578988438,4,9,4,0,1,Male,0
32251,9.88778254298348,9,1,1,0,0,Female,0
14474,5.539180374665487,4,3,4,1,1,Male,1
26959,7.925047608844447,2,2,2,1,1,Male,0
10530,5.18858579655844,2,3,0,0,0,Male,1
34320,7.391981527429659,5,9,0,0,1,Male,0
8748,6.783594920130017,4,9,3,1,0,Female,0
36968,9.832031977789223,7,2,0,1,0,Female,0
37562,7.651163636178799,5,3,4,1,0,Male,0
18545,6.097038232520912,6,4,2,1,1,Female,0
5663,4.684574709327601,4,9,1,1,1,Male,1
39766,4.907480972409608,2,3,0,0,1,Female,1
12994,5.351901579707411,9,7,1,1,1,Male,1
33021,5.505799968041788,7,3,0,0,1,Female,0
35303,9.103696347046828,4,7,2,1,1,Female,0
8304,7.3673367296951495,3,7,4,0,0,Male,1
22675,7.140345468246199,3,9,2,0,1,Male,0
28938,4.688613231215305,9,2,1,1,1,Male,0
28664,9.16083816009661,5,6,0,0,1,Male,0
6636,8.336885819250902,3,9,1,0,1,Male,1
25080,4.406010171400009,5,2,4,0,0,Female,0
32728,8.247010583378612,2,2,2,0,0,Male,0
31736,7.261229304055877,4,5,1,1,0,Female,0
33673,4.490352074480669,2,8,1,0,0,Male,1
5854,6.749803849171939,2,9,4,1,0,Female,1
29548,6.908177722780282,8,2,0,0,1,Female,0
12392,4.9946472409796545,1,5,1,1,0,Male,1
26556,9.674188882001694,7,7,4,1,0,Male,0
31309,9.099852228883972,5,6,0,1,1,Female,0
26919,8.01413402397465,8,6,0,0,1,Female,0
9931,6.773773366003644,1,7,2,1,0,Male,1
37970,6.470593249507051,7,3,4,1,1,Female,0
17688,7.905840802905725,5,3,0,0,1,Female,0
30342,7.272591216441433,4,9,2,1,0,Female,0
7327,4.3736386352913135,7,8,3,0,1,Female,1
5197,7.07501589262199,2,5,4,0,0,Female,1
28509,8.838421703397037,1,6,3,1,0,Female,0
39698,6.755439265581749,1,1,0,0,1,Male,0
20087,4.31173946532561,1,1,4,0,0,Male,1
27671,8.717669196304199,5,4,2,0,0,Male,0
30184,5.208182692815846,7,2,0,1,1,Male,0
32848,5.551725009328233,2,7,4,0,1,Female,1
25666,4.988238120593776,8,2,4,0,1,Male,0
20708,5.9812903892289855,4,2,3,0,1,Female,0
31370,8.54050903413181,3,5,0,1,0,Female,0
7811,7.1163151570236245,8,4,2,0,1,Male,0
11546,5.229287644904275,2,8,2,1,1,Male,1
39754,9.266980468912244,3,4,0,0,0,Female,0
35206,9.277491129709176,3,6,0,1,0,Male,0
16411,9.22347055027604,1,5,1,1,0,Male,0
7911,5.432777268289236,6,2,3,1,0,Female,1
6734,6.707436065085929,2,8,0,0,1,Female,1
23227,9.90993793684525,1,2,0,0,1,Female,0
13680,8.632074857859942,2,9,1,0,0,Female,1
24360,4.163004527353359,6,9,1,1,0,Female,0
23343,4.391227547562952,4,3,4,0,0,Female,0
10759,6.783588260873996,6,4,2,0,0,Male,0
28078,9.455321235169361,9,8,3,1,1,Male,0
16111,7.232210787716285,8,9,4,0,0,Male,0
6802,6.986875048205741,1,3,0,0,1,Female,1
13155,4.632842199739784,8,5,1,1,0,Female,1
13120,7.940680628345764,9,8,2,1,1,Male,0
26918,8.932618963601353,6,3,4,0,1,Male,0
25445,6.2825200450453735,5,7,2,1,1,Male,0
35306,8.653671105551965,6,8,1,0,1,Female,0
21646,9.786859923404869,6,3,4,0,0,Male,0
36065,5.2225987547661346,9,2,4,0,1,Male,0
30199,7.139977787168448,4,7,2,0,0,Male,0
21371,5.722827748507453,2,9,1,0,1,Female,1
16835,8.757126514203037,9,1,0,1,1,Male,0
7049,7.465560195286945,2,3,4,1,0,Male,1
36616,7.807494505301823,9,5,0,0,0,Female,0
25932,8.787484957695364,2,3,1,1,1,Female,0
34855,6.375822835974729,8,1,4,1,1,Female,0
12158,9.490540410442259,9,7,4,0,0,Female,0
12400,7.1981732034768395,9,7,0,1,1,Female,0
20151,4.947728937012088,9,8,3,1,0,Male,0
6154,8.175394709012814,2,5,0,0,0,Male,1
9499,8.759568102629526,4,5,0,0,0,Female,0
11295,5.90057006240516,7,5,3,0,1,Female,1
17183,9.143075541992518,2,1,1,0,1,Female,0
34299,9.4368595285946,1,5,1,0,0,Female,0
17874,5.661426924266854,3,6,4,0,0,Male,1
37711,9.901128836291331,4,1,2,0,0,Male,0
10539,4.84426916829255,8,7,2,1,0,Female,1
7557,5.21209401041494,6,1,4,0,1,Female,1
21482,5.105349035428157,2,2,2,1,0,Female,1
7200,9.363938260047222,9,2,0,1,1,Female,0
7961,7.925755313949772,2,5,0,0,0,Male,1
26357,4.9126256993336375,5,7,3,1,1,Female,0
16969,6.641940510210094,4,1,3,1,1,Female,0
7869,7.691788150418812,7,1,4,1,1,Male,0
33643,4.5007845099363,8,1,4,0,1,Female,0
29736,9.294498210444033,5,6,4,1,1,Male,0
28328,8.82162121264921,5,2,0,1,0,Female,0
30876,7.03124064145983,2,1,2,0,0,Female,0
26295,9.802759691555023,8,6,4,1,1,Male,0
8987,6.506565875650598,2,2,4,1,0,Female,1
27399,9.904661914218988,6,6,0,1,0,Male,0
38986,8.007519992821763,8,8,0,1,0,Male,0
25880,7.808027639523649,6,2,0,1,0,Male,0
9735,4.9957293717747095,4,9,2,0,0,Female,1
9555,9.291566549827863,4,8,4,1,0,Female,0
24830,6.564938127523691,6,1,1,0,0,Male,0
22429,4.973400434694876,4,7,1,1,1,Female,0
11893,4.0756451198545545,8,6,4,0,0,Female,1
19373,7.358534101830296,9,6,4,0,0,Female,0
8436,7.164397732736058,1,6,4,0,0,Male,1
13754,8.316121734214951,4,6,4,1,1,Male,0
15677,9.341548318106813,4,7,2,1,1,Female,0
10895,4.476439507858177,2,3,1,1,0,Male,1
24738,8.388978942042174,6,6,3,1,1,Female,0
35746,5.124471664585493,3,3,1,1,1,Female,1
37352,9.149062318942985,7,7,1,0,0,Female,0
10600,8.914381083169935,5,7,0,0,1,Male,0
34124,7.244762529913267,4,8,4,0,0,Male,0
32643,8.26145679173987,5,2,4,1,1,Female,0
14007,5.886100679102491,8,9,4,1,0,Male,1
13208,6.827007393596888,3,5,0,0,1,Female,1
23589,8.92982138626283,7,9,2,1,0,Male,0
22453,6.755591183039283,6,5,2,1,0,Male,0
37635,6.1467895919526505,1,7,3,0,1,Male,0
38828,6.965274683501799,7,9,2,0,0,Female,0
23711,8.969495514623311,7,4,2,1,0,Female,0
8420,6.011248284225236,1,2,4,1,1,Female,1
36216,5.042569558814463,9,9,1,0,0,Male,0
5301,8.272084121984685,6,2,2,1,0,Female,0
5699,8.95586927624849,2,3,2,0,1,Female,1
5190,4.6038248711411995,5,2,0,0,0,Female,1
15492,5.439244676535669,4,3,3,0,1,Female,0
11102,4.851831938565963,7,6,0,1,0,Male,1
24778,6.087648469493,8,3,4,0,1,Male,0
31641,6.702105873432476,1,8,1,0,1,Female,0
39584,8.492958021779838,5,6,3,1,0,Male,0
37745,7.906885509290045,3,7,0,0,1,Male,0
28093,7.725571404870587,1,1,2,1,0,Male,0
5569,6.114249679657926,3,3,2,1,0,Male,1
39663,9.04868531850856,6,3,3,1,1,Male,0
12455,6.827723004388988,7,2,2,0,0,Female,0
9014,9.874629628090927,8,7,0,0,0,Male,0
16093,7.804852829774421,4,9,0,1,1,Female,0
23070,4.757588449387017,3,4,2,1,0,Female,1
21538,8.057065372452604,5,5,2,1,0,Female,0
15729,5.950624092590194,9,3,4,0,1,Male,0
39177,8.117963180116584,6,9,1,1,0,Male,0
5784,4.4178468889744344,9,4,3,1,0,Male,1
32751,5.049288623055756,6,5,0,1,1,Male,0
17533,9.134423553434718,2,1,3,0,0,Female,0
10801,5.363077342141089,5,2,4,1,0,Female,1
24190,9.02224675145764,9,9,0,0,1,Female,0
34592,5.675656530726463,8,2,4,0,0,Male,0
15647,7.857291460352246,7,5,4,1,0,Female,0
13716,8.164903441058986,1,8,2,1,1,Female,1
28355,7.075928518870318,4,3,3,1,1,Female,0
27009,5.831864060180388,7,6,3,0,0,Male,0
29376,5.275866258226577,7,4,2,0,0,Female,0
9780,4.199136127374557,6,7,3,0,1,Female,1
7368,5.823678407444342,8,3,2,1,0,Male,1
17039,7.918976743187698,6,6,0,0,0,Female,0
11655,9.629828910690897,3,9,4,1,0,Male,1
9495,9.227226893578312,4,1,4,1,1,Female,0
15893,8.596388659211815,3,3,3,1,0,Male,0
30547,8.730684059519792,1,2,1,0,0,Male,0
27386,7.989909420855971,5,8,4,0,1,Male,0
18403,5.561721145396018,1,7,2,0,1,Female,1
37097,9.44317018423498,1,2,1,1,1,Female,0
18121,8.024393871435004,2,6,1,0,0,Male,0
15966,7.362643785882639,4,3,4,0,0,Male,0
38621,4.665936815280887,6,8,4,1,1,Male,0
33312,6.682333262838553,8,3,4,1,0,Male,0
27677,6.762149627211558,3,9,2,0,0,Male,0
36289,9.187381657136019,1,1,1,1,0,Male,0
36024,7.279889321126731,3,5,3,0,0,Male,0
9777,6.282403293822458,3,3,2,1,1,Male,1
34749,9.860801971063957,5,6,0,1,1,Male,0
20338,4.664323559957894,4,2,4,0,0,Male,0
7491,6.535290569871668,4,9,1,1,1,Male,0
32236,4.252148051028431,9,6,2,1,0,Male,0
19599,8.439424724601583,7,7,0,1,0,Female,0
24508,9.508459313194905,4,5,2,0,1,Male,0
8051,5.680223977302937,3,9,2,1,1,Female,1
26606,9.150050060794726,6,1,3,1,0,Female,0
26699,5.753309382771387,3,5,3,0,0,Female,1
5876,9.46462096986349,6,6,2,0,0,Male,0
37093,8.523771421580705,9,7,0,1,0,Female,0
9142,8.829440661048633,6,4,1,1,1,Male,0
20202,4.108039333602727,4,1,1,1,1,Female,0
12079,9.776862142444156,5,8,4,0,0,Male,0
12987,8.360025952421939,6,4,4,1,0,Male,0
33940,5.8285065723168,3,3,1,0,1,Female,1
22019,8.976367989153083,8,7,2,0,0,Female,0
23077,5.68912719048958,4,2,2,1,1,Male,0
31258,9.236523037396768,8,8,3,1,0,Female,0
26136,4.675482342471622,3,6,3,0,1,Male,1
13311,8.222115864764774,7,7,4,1,0,Male,0
22214,7.244190859869462,9,5,1,1,0,Male,0
19098,4.579206821172645,4,9,2,0,0,Female,0
33251,5.451362969553034,8,5,1,1,1,Male,0
30945,4.074424217663889,3,5,0,0,1,Male,1
30316,6.812607792787035,7,3,1,1,0,Male,0
37217,5.807591564560003,3,1,0,0,0,Male,1
13308,7.590144905786553,7,2,3,0,0,Female,0
10949,5.783426846251703,6,8,3,1,0,Female,1
6150,5.799514669041908,2,1,4,0,1,Female,1
28944,8.45915919238962,3,7,1,0,1,Female,0
39699,4.2888570158701205,6,5,1,1,1,Male,0
14204,9.417369971151924,4,3,0,1,0,Male,0
6081,9.113583246347089,6,7,3,1,0,Male,0
34305,8.00682809935844,1,9,0,0,1,Male,0
21896,7.559329420644306,1,2,3,0,0,Male,0
12805,9.353814988837915,3,8,0,0,1,Male,1
10237,5.1119810771722864,8,9,3,1,1,Female,1
25056,4.473814973144972,8,3,0,0,1,Male,0
8343,5.437061019457229,4,2,3,0,1,Male,1
18500,8.767469672201141,6,7,0,1,0,Male,0
34375,4.2080216003589,8,5,1,0,1,Female,0
14662,7.496841010500938,7,5,4,1,0,Male,0
21964,9.972625097147858,7,5,0,1,1,Male,0
13130,9.134176563025235,4,4,4,1,1,Male,0
24531,7.128674134261537,9,5,1,0,1,Female,0
6679,4.381845455719854,6,4,1,0,1,Male,1
8506,8.98824108631426,3,6,3,0,0,Male,1
18284,7.593871049063264,5,4,4,1,0,Female,0
12253,4.689597982357401,5,2,2,1,0,Male,1
24128,4.563143708940137,5,9,3,1,0,Female,0
32932,9.457760916619554,8,2,4,0,1,Male,0
14435,8.01520157762847,9,9,0,0,0,Female,0
18296,8.975720795900532,9,6,0,0,0,Male,0
35445,9.273873401693603,6,9,1,0,1,Male,0
18245,7.430634112289933,6,9,2,0,0,Female,0
34124,7.104678110530248,9,3,0,1,0,Male,0
34899,6.582564461925941,4,1,4,0,0,Male,0
34222,5.901679526746715,6,1,4,1,0,Female,0
31211,6.607575765152271,4,3,0,1,1,Male,0
31646,8.643277934380938,1,5,4,0,1,Female,0
28049,7.61154058609079,7,3,4,1,0,Male,0
19069,9.355139739729076,6,9,1,0,1,Female,0
37580,6.660280086275126,9,9,2,0,0,Male,0
36843,7.642537472312524,7,3,1,1,0,Male,0
7849,7.787845318551932,7,3,2,0,0,Female,0
28289,7.550182973837953,2,5,4,0,1,Male,0
14823,8.215802638513098,9,2,2,1,1,Female,0
14540,5.424600810248838,9,6,4,1,1,Female,1
21364,7.074182665274744,6,7,4,1,1,Female,0
9611,4.625348816850086,3,9,1,1,1,Male,1
32663,6.3070679658688755,1,6,1,1,1,Male,0
35977,6.926002411727587,4,3,3,1,0,Male,0
34168,7.913345557272835,3,5,0,0,1,Female,0
30471,9.703186315517222,1,4,3,0,0,Female,0
27687,7.6039063992901355,3,5,3,0,0,Female,0
5851,8.461563497059359,4,8,2,1,1,Male,0
23071,7.037596356971217,8,8,4,0,0,Female,0
11833,7.804624188257987,9,6,4,1,0,Male,0
16938,4.42559329680264,3,1,4,0,0,Male,1
31144,5.526349485051082,6,8,0,1,1,Male,0
9000,6.171118559230832,5,8,2,0,1,Male,0
10052,6.834960130039081,6,2,2,1,0,Male,0
33074,4.273892473014302,4,4,4,1,1,Male,0
37320,4.840144585319906,6,2,3,1,0,Male,0
8913,5.660885846747835,7,4,0,1,1,Male,1
22450,9.829196145406303,9,7,3,0,0,Female,0
29107,5.988082042618305,7,9,1,0,0,Male,0
25764,6.892246348672495,6,8,2,1,1,Male,0
25491,5.176586276430358,1,9,2,1,1,Female,1
8373,7.664680426454609,2,8,3,1,1,Female,1
17161,5.684099293095846,1,2,0,0,1,Female,1
36996,5.241955470630561,9,7,2,1,1,Female,0
32122,7.099435770675875,9,2,3,1,0,Male,0
39850,4.033034794962525,7,2,0,0,0,Female,0
32350,4.045984195895352,2,4,3,1,0,Female,1
32472,5.314412854611147,6,1,0,1,1,Female,0
33761,4.220328175004926,4,5,4,0,1,Female,0
30351,4.6481545247841485,1,6,0,1,0,Male,1
28132,6.03316389603251,1,9,1,1,0,Female,0
20305,8.815514077478877,5,8,4,0,0,Female,0
14817,7.4322918602158055,2,2,3,1,0,Female,1
16261,7.076006355738499,4,1,4,0,1,Female,0
5417,5.76093293924873,1,2,4,1,0,Male,1
25358,9.590522316596898,4,7,3,1,1,Female,0
8267,6.38209024742315,6,4,3,1,0,Female,0
22209,4.522556600774629,4,5,1,1,1,Female,0
29052,7.702399096706808,1,7,3,1,1,Male,0
31092,4.683030360859608,7,3,2,0,1,Female,0
16338,6.0713388568101525,2,2,2,1,1,Female,0
5412,7.044471632306854,9,7,1,1,0,Male,0
12543,9.245335148111055,3,5,0,0,0,Female,1
38496,6.9612794820407125,8,1,0,0,0,Male,0
28548,8.213552596189984,8,1,2,1,1,Male,0
32384,9.956901033994422,3,9,3,0,0,Female,0
23888,4.78893471938789,4,5,1,1,0,Female,0
22506,5.648389153117117,2,1,0,0,0,Male,1
25463,6.367456453585879,4,7,0,0,1,Male,0
22955,6.530969071232988,9,9,4,1,1,Female,0
10104,6.466126451593275,2,1,2,0,1,Male,1
39911,9.445666015339329,3,4,3,1,0,Male,0
28190,8.284195866801138,4,3,1,0,0,Female,0
12357,7.647431284544222,5,5,0,0,0,Male,0
37479,5.856236307176692,1,7,4,0,1,Male,1
25150,8.94274230532777,7,8,2,1,0,Male,0
10644,9.730363068909934,7,2,2,1,1,Male,0
7914,8.927189695301358,9,7,1,0,1,Male,0
26352,4.009390631148838,4,1,0,1,1,Male,0
19397,7.818408221100443,6,7,1,1,1,Female,0
5728,4.306812288652605,2,8,1,1,0,Male,1
5698,5.545643322002331,4,2,4,0,0,Female,1
18923,4.357148202086631,2,9,2,1,1,Female,1
21779,7.622772717696327,5,1,3,0,0,Female,0
12400,8.119539480955641,7,6,2,0,1,Female,0
29466,4.686925828395431,1,1,2,0,0,Female,1
9360,6.303033298269877,7,3,4,0,0,Female,0
22101,6.737419053733252,6,6,3,0,1,Female,0
37307,6.214318130565499,6,3,0,1,1,Female,0
10486,4.726150002911158,8,8,3,1,1,Male,1
13335,6.513686741124852,8,5,0,0,1,Female,0
26364,8.507068286850508,6,2,3,1,0,Female,0
28576,4.426045987199533,3,4,1,1,1,Female,1
36667,4.4810800844914205,5,9,3,1,0,Male,0
16130,6.128627751015905,2,4,4,1,1,Female,0
26972,9.65035426971355,5,8,0,1,0,Male,0
6167,8.011435880337483,9,5,2,1,1,Female,0
32192,8.072019740035389,1,1,4,1,0,Female,0
6062,6.17151994502719,5,7,0,0,0,Male,0
23540,7.56196474725123,6,3,0,0,0,Female,0
29244,4.06078710416646,7,8,2,0,1,Male,0
26545,7.816576278457253,9,3,1,1,1,Male,0
26689,9.47972168545742,6,1,4,1,1,Female,0
16174,7.675440810068915,5,5,2,0,1,Female,0
27925,9.24219156079807,7,2,2,1,0,Male,0
14348,8.343838332796562,1,4,1,1,0,Male,1
28714,4.723350498422142,5,1,4,0,0,Female,0
13924,9.414719843715051,2,9,2,0,1,Female,1
29394,4.398663066134649,4,6,1,0,0,Female,0
11801,7.203804835286583,7,8,4,1,0,Male,0
11731,4.852822742760746,5,4,3,1,1,Female,1
28625,4.070239664385424,6,9,0,1,1,Male,0
22337,6.532205560765834,2,2,1,0,0,Female,0
12056,5.770244245924937,3,9,0,0,1,Male,1
16516,6.916002962785618,7,5,3,1,1,Male,0
6542,7.463199320407305,2,6,2,0,1,Female,1
26677,4.262434433853684,6,3,2,0,1,Male,0
32569,4.738019770742474,5,4,4,1,0,Male,0
28322,7.351854378702552,1,6,1,0,0,Male,0
24065,6.059004119035949,4,7,1,0,0,Male,0
22924,8.375040925296688,2,1,4,0,0,Male,0
27556,7.913749891551638,4,7,0,1,0,Female,0
31962,9.073626177939442,1,1,2,1,1,Female,0
33295,8.154956960015351,2,5,2,0,0,Male,0
18807,6.579586464340888,8,6,1,1,0,Female,0
31432,8.037799734366594,6,2,1,1,1,Male,0
22749,5.652287045532511,2,9,4,1,1,Male,1
31256,5.837880992669276,6,6,3,0,1,Female,0
6324,8.73391095952476,9,7,0,1,0,Male,0
30731,6.678517098409493,7,8,3,0,1,Male,0
28803,8.790282043110114,9,1,3,0,1,Male,0
24870,8.93453424200967,5,8,1,1,1,Female,0
39578,9.145374025967703,7,4,1,0,0,Female,0
11588,9.499811415047244,7,8,1,1,1,Male,0
31790,6.5859113230797774,3,6,3,1,1,Male,0
30289,5.913200909926833,7,9,0,0,0,Male,0
33178,7.493192479564684,1,4,1,0,1,Male,0
33710,6.227034540625765,9,2,2,1,0,Male,0
20485,7.606445000801398,6,2,0,1,0,Female,0
25652,8.233515175862948,5,5,2,1,1,Female,0
9748,8.13043011095282,7,9,0,1,0,Female,0
26233,6.247317322120728,5,3,1,0,1,Female,0
14435,5.001161210192517,5,8,4,0,1,Male,1
8709,6.583176030773245,7,4,1,0,1,Male,0
35355,4.855564864491452,7,6,3,1,1,Female,0
18116,9.34058221110285,3,6,3,0,0,Female,0
30470,6.0752647644271445,3,3,0,0,1,Male,0
19683,4.926758483339943,3,5,3,0,1,Female,1
5504,4.152686559434505,6,3,1,0,1,Male,1
38982,7.874934317718905,6,1,2,1,0,Male,0
39299,7.821413904728459,3,7,1,0,0,Male,0
33016,6.04362499948775,3,4,0,0,1,Female,0
28960,4.430271333085906,8,7,3,0,0,Female,0
38591,6.457773369371392,8,3,2,0,0,Female,0
22312,5.867304970380362,7,5,4,1,1,Female,0
7105,8.062723838410056,4,5,2,1,1,Female,0
27700,7.634675496716142,4,2,2,0,1,Male,0
39620,6.18756236918524,3,2,1,1,1,Female,0
25559,5.30735532552994,5,4,4,1,1,Male,0
32509,9.92821579693355,3,4,0,1,0,Male,0
32860,6.724009727176689,8,4,0,1,1,Male,0
16003,8.129645414681423,7,6,2,0,1,Female,0
26732,4.843317805470164,3,2,2,1,1,Female,1
30826,6.913538197956386,9,6,3,1,1,Female,0
35354,4.165220319216793,5,7,4,0,1,Female,0
18843,7.0327307074627,9,3,2,0,0,Female,0
11190,9.784104442706214,7,8,3,0,1,Female,0
22640,6.305240277914802,7,2,4,0,0,Female,0
8330,4.233976075449469,6,8,0,1,1,Female,1
24087,4.185734745516061,2,5,3,0,1,Male,1
29504,6.327920559681217,9,2,4,1,1,Female,0
12114,4.960149618779164,6,7,3,1,0,Male,1
18323,4.1401125779691155,8,2,2,0,1,Male,0
39121,8.53728168370106,1,6,1,0,1,Male,0
15975,6.751138053291344,5,3,0,1,1,Male,0
16023,5.735468631835927,1,9,2,1,1,Female,1
26447,9.400499098098884,8,3,2,0,1,Female,0
29933,4.696833761203154,8,3,4,0,1,Male,0
28959,9.735512973731915,1,5,3,0,1,Male,0
5667,5.883800304264117,9,7,0,1,0,Male,1
34703,9.330422033852088,2,8,2,1,1,Female,0
14337,7.617657258876769,9,7,4,0,1,Male,0
24129,8.960244158448925,1,9,0,1,1,Male,0
36921,9.904078979262785,9,5,3,0,0,Female,0
38307,5.730432626912474,4,3,2,1,0,Male,0
32355,9.766812912445559,9,6,2,1,1,Female,0
9835,6.336891369414522,7,5,2,0,0,Female,0
25159,6.313071428421534,6,4,0,0,1,Male,0
18216,6.042322625527034,5,2,0,0,1,Male,0
36471,7.248445644085511,9,7,0,1,0,Male,0
22308,4.924870259070922,2,5,0,1,1,Female,1
32532,7.322268912148067,2,4,4,0,0,Female,0
39349,7.250228874460024,9,8,1,1,0,Female,0
10713,8.571410875629219,3,9,4,0,0,Male,1
9804,9.001899771625514,8,9,2,1,1,Male,0
15136,6.642648101874544,9,3,4,0,1,Male,0
5009,5.813999496108963,8,3,3,1,1,Male,1
24255,5.556009383902567,4,5,0,1,1,Male,0
28793,5.167743020229231,1,5,3,1,1,Male,1
34548,4.3458854931941495,4,2,3,1,1,Female,0
6015,6.05468787300828,9,1,2,0,1,Female,0
32712,5.6214861527846995,2,8,0,1,0,Female,1
39961,9.798504315198445,3,3,3,0,1,Male,0
13415,7.346252957500264,8,1,2,0,1,Female,0
28833,6.083662234183045,6,1,0,0,1,Female,0
9158,7.4828056059621755,8,2,1,0,0,Female,0
25309,4.835180208074173,7,6,2,1,0,Male,0
11970,6.664262495213217,5,6,4,0,0,Male,0
11938,7.757405928526383,9,3,0,1,1,Female,0
26168,6.933386990754708,4,4,3,1,0,Male,0
25384,6.410672803925945,6,2,3,1,0,Male,0
23017,9.963090333398188,2,2,4,1,1,Male,0
15344,9.281888572893562,2,7,4,0,1,Male,0
13702,7.74043574895664,2,1,3,1,1,Female,1
5384,7.416264167093697,7,7,0,0,0,Male,0
5404,7.723962878947504,2,1,2,1,1,Female,1
34189,5.207872646934599,2,6,4,1,1,Female,1
17763,6.370826459585912,9,3,4,0,1,Male,0
23384,4.236757197345396,7,8,4,1,1,Male,0
37606,6.85327622492096,3,6,1,1,1,Male,0
14860,7.258147503745979,3,2,0,1,1,Female,1
20106,5.366498416619257,7,8,0,1,0,Female,0
28574,9.784173082993082,5,5,0,1,1,Female,0
28524,9.456727665623452,6,8,0,0,0,Female,0
8636,8.332859412735434,8,8,0,1,0,Female,0
15916,7.2003197725921755,9,6,3,1,1,Female,0
9809,9.21981495788611,1,2,4,0,0,Female,1
37201,4.783914062940777,3,8,3,1,0,Male,1
18456,8.743058765649309,7,6,1,0,0,Female,0
39816,4.74892488380109,6,6,2,1,1,Female,0
22100,8.765263975296433,7,8,4,1,0,Female,0
26949,5.654605409508141,8,1,1,0,0,Female,0
9544,9.262543486109134,6,2,3,1,0,Male,0
31657,9.664252562952388,3,9,2,1,0,Female,0
12239,4.892775816430694,2,8,1,0,1,Female,1
19489,6.7760536303923615,7,7,2,0,1,Male,0
33538,9.885924268976112,1,7,1,1,0,Male,0
37049,6.90044461583888,3,5,3,0,1,Female,0
13427,9.181285135087272,4,2,2,1,1,Female,0
29285,7.5323891327879196,1,6,1,0,0,Female,0
27928,6.251979447517611,5,3,3,1,1,Female,0
24198,5.714701333155221,3,4,4,0,1,Female,1
24758,5.219338546516523,2,2,3,0,0,Female,1
20254,8.570789148266183,3,2,3,0,0,Male,0
6252,6.319243040938167,8,8,4,0,1,Male,0
17173,7.067652773204507,6,8,3,0,1,Female,0
31698,6.953952880007091,7,6,4,0,1,Female,0
20781,7.463674175398787,6,5,4,0,1,Female,0
18051,9.193462873747313,6,8,4,0,0,Male,0
11949,9.884436061500576,3,4,1,0,0,Female,1
13017,6.445505251442902,8,4,2,1,0,Male,0
11941,8.965113532637819,7,5,1,0,0,Male,0
30934,8.587166767928306,7,1,4,1,0,Female,0
28386,7.441173708733439,6,1,2,0,1,Male,0
15209,9.736282861671599,5,2,2,1,1,Female,0
22715,5.2028470931704165,8,8,4,1,0,Male,0
33920,4.655585261857729,5,7,2,0,0,Female,0
36703,9.123771801732532,9,9,2,0,0,Female,0
9637,6.63489889980249,9,5,1,1,1,Male,0
9854,9.081813125242363,1,2,2,1,1,Male,1
24856,9.35854123117249,6,7,4,0,1,Male,0
26833,4.374745561714429,7,8,0,0,0,Female,0
24963,9.300788577916364,3,7,0,0,0,Male,0
32169,6.689914332216533,7,7,0,1,0,Male,0
12941,7.062594934025393,7,5,4,0,0,Female,0
19388,7.759555066559262,2,2,0,0,0,Female,0
10569,9.558295640380521,7,6,1,0,1,Male,0
9300,4.114696566578584,1,4,4,0,0,Male,1
17015,6.861060809906903,5,2,4,0,1,Male,0
11254,8.126332254583364,9,9,4,1,1,Female,0
22144,8.336241746189371,7,7,2,1,1,Female,0
29214,8.155194589222647,7,6,2,0,1,Male,0
20183,4.806610776448731,2,5,2,0,1,Female,1
11238,5.796373530230087,8,3,3,1,0,Male,1
11090,6.1522931525020805,3,4,1,0,0,Male,1
16637,8.82662324607703,8,3,4,1,0,Female,0
27415,5.672559234487318,3,8,4,0,1,Male,1
29071,5.264229783203219,7,3,2,1,1,Male,0
23271,9.744688114228577,2,7,4,1,1,Female,0
38434,4.053179710680814,4,7,4,0,1,Male,0
9188,9.98692513409187,6,7,0,1,1,Male,0
15161,8.060927793144373,9,7,4,0,1,Female,0
33732,8.970815796694701,5,2,3,1,0,Male,0
16314,5.767716378077159,9,3,2,0,1,Male,0
28954,4.08589166600236,5,9,1,0,1,Female,0
26508,8.427217111369181,8,3,1,0,0,Female,0
26969,9.004867582004055,1,2,0,1,1,Female,0
28061,8.442856791721114,7,9,1,0,0,Male,0
18716,4.857101723805032,4,9,1,0,0,Female,0
21907,8.520567533541815,5,4,2,0,0,Male,0
23777,8.613536692645846,6,9,2,1,1,Female,0
32693,7.951243094020329,5,3,3,0,0,Male,0
31329,8.596695596773518,1,7,0,1,0,Male,0
21282,9.075528638066393,9,7,1,1,1,Female,0
28624,7.681624685424751,2,8,3,1,0,Male,0
28321,4.531628283818074,9,4,0,0,1,Male,0
15488,6.925766858003265,2,3,1,0,1,Female,0
27574,4.46589600802963,9,3,1,1,0,Male,0
10240,6.445258186194585,6,5,2,0,1,Male,0
15478,6.442638934753766,9,1,4,0,1,Male,0
24262,4.39605906484145,6,3,0,1,0,Female,0
9432,6.092923203816876,6,6,1,1,0,Female,0
34721,4.665988592747889,2,3,0,0,0,Female,1
18568,8.849411260055334,8,5,3,1,0,Female,0
19178,9.686128155786825,3,9,3,0,1,Female,0
27195,4.433898851547632,7,2,4,1,0,Female,0
5302,9.730691243750208,5,2,1,0,0,Female,0
22022,7.135459596020471,3,6,2,0,0,Female,0
5055,5.797394067723244,1,6,1,1,1,Male,1
13717,4.4611724516569815,8,8,0,0,1,Male,1
33699,7.003745608422507,3,2,3,0,1,Male,0
13150,8.767093266944492,2,9,0,1,1,Male,1
7125,8.24251886360019,1,2,4,0,1,Female,1
21748,4.301356068783843,4,1,3,0,0,Male,0
9621,4.437411012207421,8,2,2,0,1,Male,1
20034,6.417239695795823,3,7,3,1,1,Male,0
10126,5.771742964287659,1,8,1,1,1,Male,1
10122,5.394305938336287,4,5,1,1,0,Male,1
23030,5.686026993452281,9,6,3,1,0,Female,0
22302,8.820896459781308,1,1,4,1,1,Female,0
24181,9.575368321791125,2,6,1,0,0,Male,0
6531,6.4306161671653985,9,8,1,0,1,Male,0
28333,9.436666012794984,2,3,2,0,0,Male,0
39674,5.9289742074872915,3,1,3,1,0,Male,1
13152,6.85862191806275,7,4,1,0,1,Female,0
15267,5.356173986895998,3,1,4,1,0,Male,1
30289,7.842856253055064,9,8,0,0,1,Female,0
6062,9.873886691048853,6,5,3,1,1,Male,0
34926,7.620958576260271,3,1,2,0,1,Female,0
11229,6.146884504681293,9,8,1,0,0,Female,0
9632,7.88690467594317,1,9,4,1,0,Female,1
8596,4.737524070792325,3,2,3,0,1,Male,1
11168,9.331954481592392,1,9,4,0,1,Male,1
12561,7.018503704679018,2,8,4,1,0,Female,1
13258,6.696098452237853,8,7,2,0,1,Male,0
21616,7.515188730721115,7,3,3,0,0,Male,0
31734,7.748703176736415,2,2,1,1,0,Female,0
11371,4.430654837359079,2,7,2,1,0,Male,1
31069,8.095703327340415,9,5,1,1,1,Female,0
19369,5.451590081893178,6,6,0,1,1,Male,0
17910,8.283715795039539,5,4,4,1,0,Male,0
12943,8.93520876630518,6,2,0,0,1,Female,0
17199,8.823751045315122,9,9,4,1,1,Female,0
20728,7.315005804447335,7,3,2,1,0,Female,0
28275,7.121019353864507,9,7,1,0,0,Female,0
11738,4.85725576803647,4,8,1,0,1,Male,1
20913,8.652076902418813,2,2,2,0,0,Male,0
24123,5.628456282680286,8,6,3,0,1,Male,0
39529,6.980172536907679,4,8,0,0,0,Female,0
15167,5.7056445575651,9,7,0,1,0,Male,0
15554,4.802970177998159,4,3,1,0,1,Male,0
22260,7.77734618135042,8,1,1,1,1,Male,0
8812,4.325992208937423,9,6,1,0,1,Female,1
33024,8.4918714047572,9,8,2,1,1,Female,0
32285,5.9055207715666995,4,6,3,0,1,Male,0
31900,4.000808158026912,1,5,0,1,0,Male,1
6605,7.066774835423379,3,8,4,1,0,Female,1
10622,4.281111451165619,9,2,2,1,1,Female,1
11767,5.657017346925397,4,1,0,1,0,Female,1
32139,8.241858924734297,5,1,3,1,1,Female,0
16613,4.376137729731195,7,4,2,1,0,Male,0
15589,9.036030954136013,5,6,0,1,0,Female,0
18918,4.022919535951498,4,9,2,1,1,Male,0
25119,5.480943215211413,2,1,0,1,1,Female,1
32446,8.445424336912428,2,1,0,1,1,Male,0
18046,5.897620898375841,4,5,3,0,0,Male,0
29818,4.611354328396081,9,5,4,1,1,Female,0
9324,6.1614035128025675,8,5,3,1,1,Male,0
15787,5.622359718307154,3,6,0,0,1,Male,1
14111,9.05627141296333,9,8,2,1,1,Male,0
21389,5.880087505510859,5,3,3,1,1,Female,0
19043,8.733594830656044,3,9,4,0,1,Female,0
33746,9.351232868864408,5,1,0,0,0,Female,0
27350,6.602904517459177,4,4,3,1,0,Male,0
5117,9.459658863126352,8,9,3,0,0,Male,0
23935,6.263908323779157,5,8,3,1,0,Male,0
18234,9.78447049894065,8,9,3,1,1,Male,0
5846,4.535737147153437,9,1,2,1,1,Female,1
15954,8.122115599019455,4,9,4,0,0,Male,0
18703,6.962884242741572,7,3,4,1,0,Male,0
27700,6.325892832733882,2,9,0,1,0,Male,0
37043,7.796271272491605,6,1,1,0,1,Female,0
11469,8.223142549805987,8,1,2,1,1,Male,0
35105,4.026179617901855,7,9,0,1,1,Female,0
31386,5.001718532483192,7,6,0,1,0,Female,0
7048,8.278276303805912,8,4,3,1,0,Male,0
17941,7.998312481469239,7,7,1,1,0,Male,0
6828,9.796285030772063,5,5,1,1,0,Male,0
6917,8.566226741504698,7,7,2,0,0,Male,0
25618,9.704636246388027,3,8,1,1,1,Female,0
37254,8.21524300920884,5,8,0,1,1,Female,0
25128,5.788313251836659,7,1,1,0,1,Female,0
5009,4.632189533505139,9,8,1,1,1,Female,1
21644,8.690943180069613,2,6,4,1,1,Female,0
27422,7.8648953288554955,4,4,0,0,0,Female,0
14865,4.289116074359777,7,8,1,0,1,Female,1
7219,6.16030279540587,1,3,1,0,0,Female,1
10287,9.740798892905717,2,4,3,0,1,Female,1
39387,7.002406874261207,9,6,1,0,0,Female,0
13512,6.596374816118228,7,7,1,0,0,Male,0
6342,6.746197630955764,7,4,4,0,0,Male,0
24216,5.253296344030982,6,4,0,1,0,Male,0
32534,6.212243025188771,3,7,2,1,0,Female,0
19231,6.21887953592306,3,6,0,1,0,Male,0
37293,4.314130121124834,2,8,3,0,1,Female,1
31614,8.60540577110751,6,1,0,1,0,Female,0
33253,6.499026591423274,4,7,1,0,0,Male,0
22988,8.933079320898539,5,7,3,1,1,Female,0
36037,9.102088006719372,3,7,0,1,0,Male,0
17219,5.271964328191949,6,7,3,1,1,Female,0
5235,7.944120893020772,3,8,2,1,1,Female,1
6908,6.83369082497789,8,9,0,0,0,Male,0
13567,9.280940427528911,9,9,1,0,0,Male,0
10256,5.294444075058725,4,2,3,1,1,Male,1
24019,8.066879201860266,9,7,4,0,0,Male,0
13162,7.646512733516335,7,7,3,0,1,Male,0
10415,5.771808865430996,3,4,4,1,0,Male,1
10951,4.819605421907036,7,9,1,0,1,Female,1
26852,7.909838562863659,1,8,2,0,0,Female,0
13007,8.431584748793984,3,1,4,0,0,Female,1
35523,5.8937640625801,6,2,2,0,1,Female,0
28325,7.868995624133882,4,2,3,1,1,Male,0
26204,6.37078544566902,7,8,1,1,1,Female,0
20524,8.279241299695705,3,1,4,0,1,Female,0
24282,5.195291649364319,1,4,3,1,0,Male,1
28930,9.341290015817046,9,5,0,1,1,Female,0
5077,5.724457578793478,6,9,3,1,1,Male,1
25611,6.206715926536917,8,7,2,0,0,Male,0
21984,4.348551712482099,3,8,1,0,0,Male,1
19060,4.669073273927658,8,9,1,1,1,Female,0
22449,7.095171416273969,2,7,3,1,0,Male,0
23520,5.605556060367829,4,5,0,0,1,Female,0
14510,9.012881354453167,3,5,2,1,0,Female,1
34287,4.088160331929723,1,6,3,0,1,Female,1
33173,6.274564292031617,7,5,3,1,0,Male,0
16954,6.024073280614556,2,9,1,0,1,Male,0
12804,4.115965785505606,4,3,2,0,1,Male,1
11565,4.746210394003061,9,3,0,0,0,Female,1
10984,6.481856049511812,6,7,1,0,0,Female,0
26526,6.957187506684679,8,7,3,1,1,Male,0
23574,6.425738483529215,2,6,1,0,1,Female,0
14184,7.185626070472563,7,3,1,1,0,Male,0
24096,7.570790049434089,6,7,4,0,0,Male,0
7192,4.059542926767014,9,5,1,0,0,Female,1
39016,6.784570956721023,7,7,1,1,0,Female,0
16246,9.78099544532553,1,2,2,1,0,Male,0
23381,7.1141936807772925,8,6,1,1,0,Female,0
31727,8.06525360475372,3,8,0,0,0,Male,0
9018,5.871183147501299,2,1,3,0,0,Male,1
16302,8.643948268916574,3,4,2,1,0,Female,0
6970,8.63752889125669,6,1,1,0,1,Male,0
32202,7.127776285924834,3,1,0,1,0,Female,0
36110,9.856082939675282,5,8,3,0,0,Male,0
22586,4.75330128857592,6,7,2,0,1,Female,0
29519,4.101685989337486,8,1,0,0,1,Female,0
36273,8.620949270542576,7,2,1,1,1,Male,0
26951,8.842933224189295,8,4,4,0,1,Female,0
20374,4.721243374723457,3,1,4,1,1,Female,1
10788,5.593496997751636,4,3,2,1,1,Male,1
10408,4.105314180199773,6,8,0,0,0,Female,1
30053,5.759851664683389,7,8,3,1,1,Male,0
14446,8.638851243512029,9,8,0,1,1,Female,0
5922,7.107763166275474,1,6,4,0,1,Male,1
38187,6.0885735590097285,8,6,2,1,0,Male,0
15789,6.230435769437982,8,5,1,1,1,Male,0
37184,4.008121754292809,6,9,0,0,0,Male,0
6120,5.798803165391416,4,4,4,0,1,Female,1
37154,7.878752449827583,3,7,3,0,1,Male,0
22334,9.845166662898142,3,1,2,1,0,Female,0
7336,9.082364961903398,6,9,1,1,0,Male,0
7243,4.141569787873175,8,7,0,0,1,Female,1
24029,9.391363628049035,7,9,3,1,0,Male,0
37265,8.699190479791756,1,7,1,0,0,Female,0
28710,8.682256741425881,6,2,4,0,1,Female,0
34486,6.747974554021429,7,6,4,0,1,Male,0
11371,6.388031757727017,7,4,3,1,1,Male,0
11359,5.817494372999156,9,3,4,1,0,Male,1
25103,4.394169153726194,5,2,2,0,1,Female,0
19382,5.369412180962195,1,6,3,0,1,Female,1
23755,5.4796218098681475,2,8,4,1,0,Female,1
8756,6.904462418261209,4,6,0,0,0,Female,0
25609,8.484666439580163,5,9,4,1,1,Male,0
21478,6.842858970387679,9,5,2,0,0,Male,0
15147,4.347066696682964,1,2,1,0,1,Male,1
38561,9.746738805929223,3,8,1,1,0,Male,0
39884,9.656345914564675,5,9,4,1,1,Female,0
10779,8.71113725889045,3,4,1,1,0,Female,1
17298,9.947967409385324,4,6,4,1,0,Male,0
19153,7.266893996801578,3,8,2,1,0,Female,0
15789,9.776610101519235,4,9,1,0,0,Male,0
17999,4.453630243700505,1,5,0,0,1,Female,1
5814,6.194084489568228,8,6,4,1,0,Female,0
15541,5.352287608040595,4,4,1,1,1,Female,0
29938,5.17499850480562,7,5,2,0,0,Female,0
7443,4.844817693356056,2,7,2,0,0,Female,1
15457,7.73448184939598,2,9,0,1,1,Female,0
15380,8.68793113448383,6,6,2,1,0,Male,0
12783,7.469790396522164,2,6,2,0,0,Female,1
22368,4.881776257529258,6,8,1,1,1,Male,0
20328,8.866742619600824,2,4,4,0,0,Male,0
31215,7.815728242982371,4,3,3,0,1,Male,0
38595,6.328994236761973,7,7,2,1,0,Male,0
32306,8.044781773216378,8,5,2,0,0,Male,0
24915,5.559429875456997,3,2,3,0,0,Male,1
20343,6.0711532509652635,9,2,2,0,1,Female,0
5126,9.50491505879194,2,6,1,1,0,Female,1
32632,5.743027034028522,8,8,1,0,0,Female,0
25530,6.81992960894762,8,1,3,1,0,Male,0
8368,9.340846824376088,4,6,2,0,0,Male,0
8797,8.246328101605165,1,2,2,0,0,Male,1
18718,4.3732193569882165,1,2,4,0,0,Female,1
39560,4.883818265673822,2,7,2,0,0,Female,1
16053,4.047049544631501,9,1,1,0,0,Female,0
27116,7.785530741374981,2,6,0,1,0,Male,0
6645,6.68604055246251,2,7,0,1,1,Male,1
24256,4.805649105413654,6,8,0,0,0,Male,0
39622,9.747604726340622,7,7,0,1,1,Female,0
7708,7.177958343673719,7,6,2,1,1,Male,0
16694,5.451359764677335,9,9,2,0,1,Male,0
14524,7.0036214269282455,6,3,4,1,0,Male,0
36880,8.077721996410647,8,6,2,1,1,Male,0
37409,4.457435307841386,6,4,0,1,1,Female,0
18224,5.648222890287352,2,2,3,1,1,Female,1
30150,8.841792945303961,1,1,3,0,0,Male,0
39393,6.757989222415968,5,1,1,1,1,Male,0
12973,7.279462852193769,9,3,1,0,0,Female,0
13577,6.596896013256815,8,4,2,0,1,Female,0
13070,4.263399655858031,4,2,3,1,1,Male,1
13666,4.994498678920936,5,1,0,0,0,Female,1
11783,6.673249832451345,5,4,0,1,0,Female,0
9971,5.255112792447567,6,7,0,0,1,Male,1
18490,4.299874171958073,3,6,2,1,1,Female,1
6990,9.061897984310942,5,6,2,1,1,Female,0
10299,9.887155174984695,2,9,4,0,0,Female,1
24956,8.758857243980437,1,2,0,1,0,Female,0
27359,9.122709530228002,1,4,0,1,1,Male,0
33734,5.451862781902272,7,5,2,1,1,Female,0
9757,9.763761853079199,2,1,2,1,0,Female,1
24097,5.1815542267205705,4,8,4,0,0,Male,0
15395,9.708578862170993,5,8,4,0,1,Female,0
21241,9.968915763795707,7,6,1,0,0,Male,0
32696,8.270336834476293,2,5,3,1,1,Male,0
9944,9.886862390750931,6,8,0,0,0,Female,0
24816,7.417238677402622,1,3,0,1,1,Female,0
29917,5.557250699056542,7,3,4,1,1,Female,0
36195,6.621975313993725,9,2,4,1,1,Female,0
26566,7.5613656122727155,5,5,1,0,0,Female,0
14916,4.43848937216209,5,3,3,0,1,Male,1
25806,7.734059587703476,4,3,1,0,1,Female,0
14984,9.887067020573767,3,6,3,0,0,Male,1
6759,5.140645898702366,9,8,0,1,1,Female,1
31838,8.755570697730299,5,2,1,0,1,Male,0
7482,9.447392762677715,8,4,4,0,1,Female,0
29442,9.662209556921326,9,7,1,0,0,Female,0
38719,9.760813626432682,5,1,1,0,0,Female,0
32965,7.128757832328832,9,1,0,1,0,Female,0
7079,9.863847447949022,2,7,4,0,0,Female,1
7717,8.543861242806633,9,7,4,0,1,Male,0
32952,4.970028617421772,4,1,2,0,0,Female,0
25908,6.86140063880782,6,1,2,1,0,Female,0
29861,8.309987052232024,6,4,2,0,0,Female,0
12311,5.4840418949145,6,5,0,0,1,Male,1
33071,7.843691101293324,2,5,1,0,1,Female,0
28570,7.999602874279716,7,4,4,1,1,Male,0
23449,4.9761984628513956,6,8,4,1,0,Female,0
38536,7.3905118747165375,1,7,1,0,1,Male,0
33865,8.629761465871645,2,9,4,0,1,Female,0
11645,6.9933739872156515,7,7,1,1,0,Female,0
31737,4.072618700656644,1,1,0,1,1,Male,1
16485,4.054230814475753,1,7,0,1,0,Female,1
30522,6.142176063820073,1,1,0,1,0,Male,0
17342,9.557164410590692,8,7,1,1,1,Female,0
18087,5.372060677621652,4,8,1,0,0,Female,0
39249,7.806182133230123,4,9,3,0,0,Male,0
15093,5.332455224159924,2,3,4,0,0,Female,1
21438,5.930019937957292,1,4,4,0,0,Male,1
31399,9.088252537608904,9,4,3,1,0,Male,0
24846,8.37316865361968,7,9,3,1,0,Female,0
20708,4.572395663879264,4,7,0,1,1,Female,0
15998,6.572212125918602,6,3,3,1,0,Female,0
35678,4.175018581871587,2,5,1,1,0,Male,1
15682,6.885340879618054,7,7,2,0,0,Male,0
13519,7.974604070206409,2,8,1,0,0,Female,1
36480,4.711015741588909,8,1,3,0,1,Male,0
24694,5.733309633454994,8,2,4,0,1,Male,0
8300,6.387019753012941,1,7,1,0,0,Male,1
11722,9.517186147936298,8,2,4,1,1,Male,0
29160,9.959530092537785,2,7,1,1,0,Female,0
25059,4.269467793973695,6,9,4,1,0,Female,0
18575,8.566047540972352,1,2,1,1,0,Female,0
12970,6.23034439841406,5,7,4,1,0,Male,0
39911,6.35474911737688,7,4,2,0,1,Male,0
26591,8.525589840082137,1,2,0,0,1,Male,0
36821,9.510558592872453,2,7,1,0,0,Male,0
14503,9.70557156701529,7,5,2,1,0,Female,0
23922,7.462735516229925,6,1,0,1,1,Male,0
17175,6.142726955803017,3,5,1,1,1,Male,0
26389,8.725294515152676,2,3,2,1,0,Female,0
5822,5.506008299573802,4,7,2,0,1,Female,1
22327,7.384444173001107,3,6,2,1,0,Female,0
11150,6.151470769149239,7,8,3,0,1,Male,0
9425,7.939786442247256,8,5,4,1,1,Male,0
21032,5.442393477361041,2,2,0,0,1,Male,1
7198,5.149557674408955,7,9,4,1,1,Male,1
25079,9.509434520052622,8,8,4,1,0,Male,0
18859,4.610822097697222,6,6,4,0,0,Male,0
36419,7.03574744640959,6,7,2,0,1,Female,0
13705,5.3251166977780535,1,9,4,1,0,Male,1
28236,4.233579779954004,4,7,3,0,1,Female,0
27419,4.216112909748558,1,3,1,1,1,Female,1
24978,5.051330632634964,4,6,2,1,0,Female,0
20358,9.200622127036002,2,7,0,0,0,Male,0
39177,5.6948724638621595,5,2,1,1,0,Male,0
34378,9.702755023451775,9,3,1,1,1,Female,0
16382,7.489733757935161,3,4,1,0,0,Male,0
19596,6.6196851386125966,8,6,4,1,0,Male,0
38572,7.480533008016728,3,1,4,1,0,Female,0
18221,7.100190311357607,6,9,2,1,0,Male,0
6279,8.552657522543951,4,5,4,1,1,Male,0
12083,5.694976395837114,8,7,4,0,1,Male,1
22771,6.118302349601814,6,9,4,0,1,Male,0
34975,9.364565815199505,8,9,2,0,1,Female,0
24063,9.678739078902433,1,1,2,1,1,Female,0
7106,9.355349364918847,6,1,3,0,1,Male,0
29557,6.516687963743881,1,3,3,0,1,Male,0
25607,8.68219301804129,1,6,3,0,0,Male,0
33529,6.858014399806593,8,2,3,1,1,Female,0
32856,6.985239112876613,7,1,1,0,1,Male,0
7573,5.228080654343704,3,1,1,0,1,Male,1
17808,7.546781819551098,6,5,3,1,1,Female,0
39072,5.116815386520088,9,4,3,1,0,Male,0
28752,5.989388194403163,7,1,0,1,1,Female,0
22685,9.130181209719611,3,4,1,1,1,Male,0
16372,5.242454855265131,6,3,0,1,0,Female,0
13996,4.426949711040597,4,2,0,1,1,Male,1
21458,4.414045555676898,3,9,4,0,1,Male,1
36889,9.644707123018648,9,1,2,0,1,Female,0
31665,7.041522627771007,2,7,1,1,1,Female,0
36653,6.45647243090211,1,4,3,1,1,Female,0
31657,8.865271486047511,2,5,3,0,1,Female,0
27180,9.014955567463096,7,5,2,1,1,Female,0
36896,5.993146198693628,1,1,1,1,0,Male,1
17875,8.161708344842772,6,6,3,0,0,Female,0
6622,8.62673689511132,7,9,3,1,1,Female,0
21725,7.927904121195727,9,2,4,1,0,Female,0
20646,4.909570448800596,8,7,0,0,1,Female,0
22029,9.255298501102342,6,6,3,0,0,Male,0
34402,7.234567316416053,3,5,1,0,1,Male,0
9263,5.694834558220022,8,4,2,0,0,Male,1
35987,6.551369112626164,7,4,4,0,1,Male,0
13646,4.2254265423934445,3,6,1,1,0,Male,1
32529,4.767200807334506,9,4,4,1,0,Female,0
16664,8.593280503095166,2,5,0,1,1,Male,0
29027,4.000069808532197,3,6,3,1,1,Male,1
34373,6.4993949708937535,2,5,1,1,0,Female,0
25609,7.135061086513531,1,7,2,0,0,Female,0
24250,4.327806520005834,4,9,0,1,1,Male,0
26172,9.838468977833998,5,7,0,1,0,Male,0
16555,5.356751987498032,6,7,4,1,1,Female,0
26874,5.825192317817685,5,4,0,1,0,Male,0
18081,5.823655073530164,1,1,1,1,0,Female,1
29063,5.3824999727041,3,8,4,0,1,Female,1
11819,4.008842932517869,1,4,0,1,1,Male,1
30712,8.376068764527979,5,1,2,1,1,Male,0
29762,9.801072998795712,5,5,1,1,0,Male,0
16046,5.34576089971027,6,8,2,1,0,Female,0
36463,7.978283150820534,8,4,2,1,0,Female,0
33769,8.451377961752291,1,8,4,1,1,Male,0
28150,9.090552274543148,4,8,3,0,0,Male,0
7711,6.535775182081655,1,3,4,1,0,Male,1
9853,5.817585433842575,9,9,1,0,1,Female,1
34077,5.951770804138187,7,3,1,0,0,Female,0
28863,8.275727998591076,7,1,4,1,0,Female,0
26792,8.900676799033816,5,2,3,1,1,Male,0
13942,5.089683806539616,7,6,4,1,1,Female,1
6762,6.225646048946591,2,2,1,0,1,Female,1
36987,9.4116411804949,4,6,3,1,1,Male,0
20850,8.840161118168435,7,1,1,1,1,Female,0
17112,9.909150416574855,3,1,3,1,1,Male,0
29058,8.525489558092485,2,5,3,0,1,Female,0
5481,6.359171206167534,2,9,4,0,1,Male,1
37921,7.543827003967826,1,8,4,1,1,Male,0
6524,7.966085525483922,5,3,4,0,0,Female,0
39888,4.4707348979027435,6,3,3,1,1,Male,0
20048,7.26698175462319,6,1,3,0,1,Female,0
39008,8.255924970835657,9,3,1,1,0,Male,0
5060,5.003927824006363,4,1,2,0,1,Male,1
14130,8.683790304553343,1,8,4,1,0,Male,1
23023,7.50263668308467,6,1,1,1,0,Female,0
18350,9.713330714185567,5,5,1,0,1,Male,0
29354,4.25453378924135,6,9,0,0,0,Male,0
33145,5.591956825332802,3,7,4,0,1,Female,1
39020,7.609323275798944,2,4,1,0,1,Male,0
25587,5.779359473235584,6,9,0,0,0,Male,0
14650,8.286544984427454,1,9,4,1,0,Male,1
24933,8.554031695131586,7,2,3,1,0,Male,0
25581,4.6150957843988465,7,6,0,0,1,Female,0
28393,7.083126785240607,7,4,3,1,1,Male,0
28051,7.053343333546335,1,8,2,1,0,Male,0
31212,6.215684621293247,4,7,2,0,1,Female,0
9090,9.597549175418033,7,7,2,1,1,Male,0
11960,8.965037919239327,9,9,2,1,0,Male,0
26520,8.18325629145782,5,5,1,0,0,Female,0
33470,8.285959814409985,2,6,2,0,0,Female,0
25491,6.770296862878714,7,1,1,1,0,Female,0
6341,9.525967126579456,1,6,1,0,0,Female,1
29791,8.167572563519713,7,2,4,1,0,Male,0
5338,8.373886369934898,6,6,1,0,0,Female,0
10895,9.170145422724072,7,9,1,0,0,Male,0
17254,5.644429536053146,3,8,2,0,0,Female,1
16344,8.842425423200218,3,9,1,0,0,Male,0
6750,5.1714436177389524,7,8,3,1,1,Female,1
7421,6.072051713469327,2,3,2,0,1,Female,1
10319,6.0136627256190565,1,8,0,0,0,Male,1
20896,9.871152810334843,9,6,2,1,1,Female,0
16918,9.139223342487561,9,6,1,1,1,Female,0
30064,8.207019169541558,7,6,3,1,1,Female,0
32935,8.362340569692341,7,3,2,1,1,Male,0
34711,7.372436766415427,3,1,3,0,1,Female,0
9806,9.682544002651115,2,4,0,1,1,Female,1
17182,6.9775525172941695,7,6,0,0,0,Male,0
27297,6.283106259219367,9,2,4,1,0,Male,0
24541,4.978212021589546,1,7,4,0,1,Female,1
33921,8.717233913566348,4,7,2,1,1,Male,0
21774,8.406663592453548,6,4,4,0,0,Male,0
13820,6.3061302311448095,7,4,3,0,1,Male,0
29070,4.151160483755376,7,1,4,1,1,Female,0
9232,9.033983966308064,2,2,3,0,1,Female,1
16122,4.068507900724442,4,9,4,0,1,Male,0
20023,8.222198677774305,5,8,4,0,1,Female,0
13007,9.821542658356343,1,8,4,0,0,Male,1
22905,6.625967968889221,1,9,1,1,0,Female,0
34398,5.409840429975716,3,7,1,0,1,Male,1
39268,8.22922606026029,3,9,4,0,0,Female,0
11737,8.90276885209351,8,2,3,1,1,Male,0
30510,7.278581896467084,9,6,2,1,1,Female,0
24426,9.802211651536878,1,3,0,1,1,Female,0
22850,4.310012329947766,2,6,1,0,1,Male,1
5614,7.028773589827169,2,3,4,0,1,Female,1
26776,8.3107236839353,4,8,0,1,1,Female,0
29077,9.175842826895074,2,4,1,0,1,Female,0
14374,5.07553367144674,7,6,2,1,1,Female,1
35907,8.800020890582088,9,9,3,0,1,Female,0
18409,7.316242454311272,7,2,4,1,0,Female,0
21514,6.3793220919397795,6,2,2,0,1,Female,0
34866,4.790290171474561,1,7,1,1,0,Female,1
7983,9.191774553453474,9,2,4,0,0,Male,0
36705,4.943639249078292,5,2,0,1,1,Female,0
25662,5.858727155254595,5,4,3,0,0,Male,0
28510,5.740273191774621,6,9,1,0,1,Female,0
17651,9.228484205145126,9,8,3,0,1,Male,0
33535,8.036217965253389,8,2,4,1,1,Female,0
11640,8.780088383148234,8,8,2,0,1,Male,0
20317,5.502807392754994,8,4,3,0,0,Male,0
12564,7.749244597641994,1,2,0,0,0,Female,1
32345,7.430475898862492,1,7,1,1,1,Male,0
33687,8.996982260729627,8,6,0,0,0,Female,0
18737,9.436522362887564,5,5,3,1,0,Female,0
14323,4.072940628864321,9,1,2,0,0,Male,1
20229,8.044119514352756,2,2,2,1,1,Female,0
13502,4.311014794718374,9,8,0,1,0,Male,1
5545,7.2931519904641355,8,1,4,0,0,Male,0
34430,5.725796374262069,9,3,4,1,0,Female,0
14996,5.840659597132847,4,2,2,1,1,Female,1
32788,6.11775102071414,1,5,0,0,0,Female,0
34969,7.72775469429766,1,4,0,1,0,Female,0
18919,6.004299794012615,5,7,0,1,1,Female,0
8810,8.396194303541682,2,5,3,1,0,Male,1
35586,6.427164313443218,8,8,4,1,1,Male,0
21371,4.410119201859752,5,4,4,0,1,Female,0
34629,8.702559054904643,5,6,3,1,1,Female,0
13436,5.714549947556236,2,4,1,1,1,Female,1
17984,6.596601277595576,7,2,3,0,1,Male,0
38039,8.112663299331409,8,1,0,0,1,Male,0
24895,5.994736942892272,1,1,3,1,0,Male,1
23155,4.3395139368802935,2,8,0,0,1,Female,1
15616,6.243526282076882,4,4,2,0,0,Female,0
29574,9.666691496165821,5,5,0,0,0,Male,0
8430,7.850406383791349,2,8,4,0,1,Female,1
17676,8.028874892003241,1,7,3,0,0,Female,0
15816,7.793692921825839,9,8,0,0,0,Male,0
37733,5.1939528337566205,1,8,1,0,0,Male,1
25144,6.510003184613681,4,6,2,0,1,Female,0
7050,8.505638790179908,2,2,1,0,0,Male,1
38933,4.608237385318954,4,6,1,1,0,Female,0
29951,5.667116656538274,8,1,1,1,1,Male,0
37413,5.657914650795122,8,1,2,1,0,Male,0
39801,6.592113565567036,9,3,2,1,0,Female,0
37913,9.88221244565311,5,3,2,1,0,Female,0
30280,4.405015280102932,7,5,2,0,1,Male,0
29557,7.11220596628357,3,1,1,0,0,Female,0
9494,5.076188092073263,4,6,4,1,0,Male,1
20152,9.824059272458465,9,7,4,1,1,Female,0
28895,4.679821028364785,1,3,2,0,1,Male,1
14155,6.421606014169548,2,4,3,1,1,Male,1
36883,8.427309909007636,5,3,0,0,0,Male,0
6828,8.22732656816467,3,1,3,1,1,Female,1
37123,6.536371821363593,2,8,3,0,1,Male,0
5806,6.07914500771631,1,2,3,1,1,Male,1
34757,6.385674271317224,3,1,4,0,0,Male,0
39636,5.585657578951835,1,8,0,1,1,Male,1
19561,5.231997632240799,1,7,3,1,1,Female,1
29262,6.89823818535334,1,7,2,0,1,Female,0
19899,5.611202536405644,8,4,4,0,1,Male,0
20934,5.724769989383501,3,9,2,1,1,Male,1
39157,7.940536380847343,1,6,2,1,0,Female,0
16593,9.811223990199354,7,2,3,0,0,Male,0
22320,7.62182320335625,3,1,2,0,1,Female,0
32376,4.4618768023897974,8,1,0,0,1,Male,0
19199,4.453501683124402,4,9,2,1,1,Female,0
20876,9.708539325073396,4,4,3,1,0,Male,0
13245,5.783744741844002,5,5,2,0,0,Female,1
12214,4.552401916494853,6,3,4,1,0,Female,1
5726,7.594267522902289,7,4,4,1,0,Female,0
16362,7.741892669741596,4,8,4,0,1,Male,0
23297,7.891028920712129,8,4,1,1,1,Female,0
35448,5.604412167145248,6,9,4,0,1,Female,0
31172,4.09066410528685,1,9,4,0,1,Male,1
12657,9.790092216726832,1,6,1,1,0,Male,1
23850,5.505358274146615,9,2,4,1,1,Male,0
30425,8.056157728315284,6,7,3,0,0,Male,0
31685,8.239779219272258,8,9,4,0,0,Female,0
29578,7.660044502476914,7,6,4,0,1,Male,0
33831,5.877444365281889,6,3,1,1,0,Male,0
12906,5.626577522584395,4,7,3,0,0,Male,1
12287,7.586009696216219,7,5,2,0,1,Male,0
38660,9.196573801670148,9,1,0,0,0,Male,0
15222,9.680402373540375,7,3,3,0,0,Male,0
39701,4.635434826422546,1,5,2,1,1,Male,1
22764,4.928971675586319,9,7,3,1,0,Female,0
22674,9.668417552698479,4,3,2,0,0,Female,0
23024,8.419211370008755,3,6,2,1,1,Female,0
28874,9.297962948978638,4,5,3,1,0,Female,0
37284,5.215795804812059,4,1,1,1,1,Female,0
22602,7.525515226656411,2,6,3,0,0,Male,0
28265,8.206837566504841,1,8,3,1,0,Male,0
30931,8.080671312681837,1,1,2,1,1,Male,0
33841,6.4489101452001885,8,2,0,0,1,Male,0
34192,4.092369350147851,2,4,2,0,0,Female,1
20585,7.497556340825579,5,2,4,1,1,Female,0
30559,5.518609235077653,4,9,3,1,0,Male,0
38742,6.701525476857342,8,8,3,0,1,Male,0
9133,9.745486090502904,2,8,1,0,0,Female,1
19663,6.3942119058546085,9,4,2,0,0,Female,0
26754,9.03880963998656,7,5,1,0,0,Female,0
8972,5.131243634495506,7,4,3,1,0,Male,1
10295,8.034762988150174,1,9,2,0,0,Male,1
34125,9.862041726633661,2,2,2,1,1,Female,0
14903,4.611358605237621,4,8,4,1,1,Female,1
8020,4.049919653363152,4,2,4,1,0,Male,1
25420,6.6014967557956865,3,1,0,0,0,Male,0
26452,4.555752898308203,7,3,4,0,1,Male,0
14516,8.490306098057388,8,9,2,1,1,Male,0
7396,9.487291983091353,2,3,4,1,1,Female,1
23546,6.604125836252553,4,9,0,1,1,Female,0
24129,5.552269852932646,3,7,3,1,1,Female,1
6591,6.606419914039659,2,1,4,1,0,Male,1
16303,8.340686907100006,6,5,2,0,0,Male,0
35561,4.054324969482225,4,9,3,0,1,Male,0
11183,7.536723936908183,6,3,2,0,1,Female,0
31572,7.679750109324274,2,9,3,1,1,Female,0
39080,7.826129481375613,4,5,2,1,1,Female,0
25695,5.452132479885263,6,9,4,0,1,Male,0
12314,8.28431634026876,5,6,4,0,1,Male,0
24623,4.548348917990658,3,9,0,1,1,Female,1
7139,5.195622018800805,8,7,3,0,1,Male,1
36290,9.26482027992689,7,7,0,0,1,Female,0
23088,8.432338904359398,3,8,1,0,0,Female,0
38130,4.082473324068071,6,7,4,1,1,Female,0
37088,5.490257562218801,4,9,3,1,1,Female,0
31292,5.286438897958988,5,9,0,0,0,Male,0
25670,5.6248379682218355,5,6,0,1,0,Male,0
8738,5.485358621679318,7,7,1,0,0,Male,1
7469,4.375157774457074,5,2,0,0,1,Male,1
27534,6.753643099580922,3,9,2,1,1,Male,0
14017,8.39640084871699,5,1,4,1,1,Male,0
7808,7.640390348304619,7,1,0,1,1,Female,0
17713,8.037230011588479,5,3,0,0,0,Male,0
7719,4.486895071217435,5,6,1,0,1,Male,1
27890,9.708944261060722,9,5,2,0,1,Male,0
16700,9.03095100305815,3,2,0,1,0,Female,0
31705,8.830541910973977,6,9,4,0,1,Male,0
23787,8.937902830250605,1,4,4,0,1,Female,0
31588,9.596263048796569,5,4,0,0,1,Male,0
31123,7.265523796682186,8,5,2,0,1,Male,0
38062,5.201692107205755,5,8,4,1,0,Male,0
15177,7.700701647115247,9,4,4,1,0,Female,0
26727,8.457288962007635,6,5,2,1,0,Female,0
35220,8.427504360124153,8,4,2,0,0,Male,0
14882,7.128694145001281,8,6,0,0,1,Male,0
6136,4.410752316001468,3,3,3,0,1,Male,1
39832,6.226677630580767,7,8,1,1,1,Female,0
36966,9.524599650780143,7,6,3,1,0,Female,0
12009,7.506693458544556,6,5,3,1,0,Male,0
17987,7.229991659534281,7,2,4,1,0,Female,0
36575,5.613121086293161,2,7,2,1,1,Female,1
6007,6.210693519499474,9,2,4,0,1,Female,0
10445,9.372076534919016,1,1,1,1,0,Female,1
15706,7.9987782851610145,1,7,0,1,0,Male,0
34257,8.724322160513998,3,5,1,1,1,Male,0
26736,6.726072538405931,3,1,4,0,1,Female,0
18281,7.7814833167369475,1,4,4,1,1,Female,0
6435,5.490301652459245,7,4,4,1,0,Female,1
38339,8.232764981700917,4,7,4,1,0,Male,0
30821,6.565608002220024,2,9,3,0,0,Male,0
31660,6.655273088888474,5,2,0,0,0,Female,0
10084,7.89593394746129,6,1,3,1,1,Female,0
21661,9.61768372881356,9,2,4,1,1,Female,0
18507,4.3840380796517255,4,7,2,1,1,Female,0
12059,8.948459424082046,2,6,3,1,0,Male,1
23271,5.7542986624731585,5,4,4,0,1,Male,0
12491,6.663516727038267,3,1,4,1,1,Male,1
19859,4.1314799726500535,2,1,0,0,1,Male,1
13073,5.806276467005878,1,5,1,1,1,Male,1
14077,7.015787455780783,2,1,3,0,1,Male,1
25953,4.337056464084634,6,7,3,0,0,Female,0
16383,6.946574376298991,8,1,3,1,1,Female,0
7353,9.562663773150565,3,1,4,0,1,Male,1
28821,4.632359308646832,9,2,0,1,0,Male,0
29860,8.586644368453026,9,3,4,0,0,Male,0
26195,6.458026320255955,2,1,4,0,1,Female,0
16939,7.931042287146028,8,9,2,1,1,Female,0
30338,5.561419587911376,5,8,0,1,1,Female,0
26730,4.95695357524815,4,5,3,0,1,Female,0
26427,4.962775685627358,5,2,1,0,0,Male,0
32083,4.422951673858868,4,5,3,1,1,Female,0
26510,5.113880229407458,8,6,4,1,0,Male,0
12813,7.985316309933809,4,1,0,1,1,Female,0
36598,9.290143671061049,6,4,0,0,1,Female,0
32570,8.884754113546972,2,9,0,1,1,Female,0
32082,8.110805859246906,5,2,2,1,0,Female,0
34241,4.662591180466616,6,5,3,0,1,Male,0
35678,5.7351246777756995,5,1,2,1,1,Male,0
16745,5.858841251934814,2,4,1,1,0,Male,1
31029,5.499741678385727,7,4,4,1,1,Male,0
18025,7.0900339582583385,4,6,2,1,0,Male,0
19288,7.213322889278036,8,9,2,0,1,Male,0
28650,6.141315851026661,7,3,4,1,0,Male,0
11540,6.122734952418616,7,9,0,1,0,Female,0
37232,8.971333587436488,9,6,4,1,0,Male,0
21422,8.735757089918113,1,7,3,1,1,Female,0
8342,5.846774990084474,6,2,4,1,0,Male,1
15396,9.482730663239556,6,6,0,1,0,Female,0
22482,9.716890102015036,6,6,4,0,1,Male,0
28411,5.960455252180245,6,2,2,0,0,Female,0
18261,6.12654969275833,7,2,1,0,1,Male,0
8093,7.033804920531753,6,2,2,1,1,Male,0
16722,9.646724875202041,1,1,1,1,0,Male,0
27042,9.25791659885387,3,5,4,1,0,Male,0
33087,4.615407775501539,2,8,3,0,1,Female,1
37347,6.356384459628497,6,2,4,1,0,Male,0
38756,7.320227138498631,8,5,0,0,0,Male,0
21335,7.01879483530924,3,8,4,1,0,Female,0
33602,5.163178407621356,8,5,1,1,0,Male,0
39450,9.152900627008929,8,2,2,0,1,Female,0
37196,8.061644697981023,5,3,3,0,1,Female,0
10626,9.02745024911082,8,6,4,0,0,Male,0
12424,9.152585676096834,6,5,4,0,1,Male,0
17857,8.490135121994438,5,4,2,0,0,Female,0
24982,6.635263607498304,9,4,3,0,0,Male,0
16425,7.663280530092547,7,5,4,1,0,Female,0
6980,4.962192436718459,8,2,4,0,0,Male,1
31431,8.041872504849447,1,9,1,1,1,Male,0
24440,5.075519534435685,2,2,1,1,0,Female,1
22175,8.163697543060941,8,2,0,1,1,Male,0
31385,5.377588964523812,9,9,2,1,0,Male,0
28019,4.70530780090132,4,3,3,1,1,Male,0
23639,4.991706940857744,9,7,4,0,1,Female,0
24994,4.011952811314422,4,4,4,0,1,Male,0
39375,8.31243770712118,9,6,0,0,1,Female,0
26563,8.394406294350276,7,4,4,1,0,Male,0
10776,7.089600099479557,2,7,2,0,1,Female,1
8380,4.968176806332302,9,1,0,1,0,Male,1
13711,4.501326025064138,4,3,2,1,1,Male,1
13782,4.114773798623722,8,3,0,1,1,Female,1
22434,4.994489061791324,7,1,4,1,1,Male,0
25017,9.34513320989888,7,6,0,0,0,Female,0
35707,5.449221050210091,8,9,1,0,1,Male,0
22343,6.125627963303294,1,8,3,0,0,Female,0
10655,4.632072906887999,5,7,4,0,0,Male,1
20251,5.334167828489022,2,8,3,0,0,Female,1
5526,7.1153474246812305,2,6,4,1,1,Male,1
8224,7.646516098573915,1,9,3,0,1,Female,1
16536,5.472113884997267,5,3,1,1,1,Female,0
33541,4.346392955350703,2,9,3,1,1,Male,1
18547,6.346197214764392,4,4,0,1,1,Female,0
39531,5.405220225558005,3,7,3,0,1,Female,1
13712,5.317323539378812,3,9,4,1,1,Male,1
14208,9.759176816280732,2,2,2,1,0,Male,1
10109,7.697802915554345,6,2,3,0,1,Male,0
21967,7.341270659032576,2,9,3,1,0,Male,0
34759,6.4946506211399315,8,3,3,1,0,Male,0
25172,6.573666000580865,8,9,4,1,1,Male,0
31589,7.245430023028485,5,5,3,0,1,Female,0
35015,8.178578842216643,7,6,4,1,0,Female,0
34009,8.212876577090977,4,2,4,1,0,Female,0
22773,5.030163446232697,1,8,2,0,1,Male,1
31143,7.000676512459762,2,9,0,0,0,Male,0
11154,6.471748570204612,4,2,4,1,0,Female,0
26804,9.223161797616305,1,6,1,0,0,Female,0
25581,7.788513527310259,8,6,3,0,0,Male,0
35087,7.195024398495891,9,8,1,0,1,Female,0
37981,4.692367853073504,4,5,3,0,1,Male,0
8762,7.6338273359404685,3,9,2,0,0,Male,1
14768,4.7032234340814005,2,1,4,0,0,Female,1
13783,6.023239453394512,5,9,0,0,0,Male,0
34781,4.857051788885991,3,7,4,1,1,Male,1
35811,8.152441882146213,7,4,3,0,1,Male,0
13905,5.237512683016916,6,3,0,0,0,Male,1
14127,6.351156239128156,1,6,4,0,0,Female,1
27431,9.374048665712671,8,1,0,1,0,Male,0
11368,5.225898300393822,2,3,3,0,1,Male,1
32424,7.046830383752675,5,2,2,0,0,Female,0
23333,6.515629966996132,9,9,2,1,0,Male,0
28116,4.108744246274378,8,3,4,0,0,Male,0
20525,8.756548681436877,2,2,1,1,0,Female,0
28398,4.414275437887598,9,4,3,1,0,Female,0
37857,6.845530125861721,5,2,4,0,1,Male,0
15361,7.3640697696337,6,1,4,1,1,Male,0
21369,7.770558739687522,3,6,2,0,1,Female,0
8041,8.131789775847253,3,8,0,0,0,Male,1
5105,5.519634301136291,8,2,3,1,1,Male,1
14078,4.059872659950696,2,9,0,1,0,Male,1
30003,8.340661974129471,2,3,3,0,1,Female,0
11090,7.2139395960854715,5,8,1,0,1,Male,0
6925,9.016706219243492,6,8,2,1,0,Female,0
23440,8.928330177404167,2,3,1,0,0,Female,0
31015,9.059957006727299,5,3,4,0,0,Female,0
38320,6.910567959877241,7,6,2,0,1,Female,0
30291,6.001770375021194,8,1,4,1,0,Male,0
31289,8.74934921554822,7,4,1,0,1,Female,0
8389,6.707764678175529,8,1,3,0,1,Male,0
30683,5.1006531784206075,9,3,4,0,1,Female,0
18629,9.129844117368846,5,9,0,1,0,Female,0
29826,9.295359260634083,5,5,3,1,0,Male,0
31630,6.797858536841021,4,5,3,1,0,Female,0
38226,4.454198363858724,9,4,1,0,1,Female,0
37975,6.326956539501587,5,3,1,1,1,Male,0
5899,8.82122595677562,2,5,2,0,0,Female,1
16653,9.410644171277372,8,4,2,1,1,Female,0
32961,5.220836454985575,7,8,0,0,1,Female,0
21405,4.40184167215163,8,4,3,1,1,Male,0
13601,9.264102718797032,3,8,0,0,0,Female,1
38662,6.3364296338732515,4,6,0,0,1,Male,0
38282,7.25056578560538,5,5,1,1,1,Male,0
26288,9.808394872304554,6,4,0,0,0,Male,0
34545,4.399388367485337,1,4,0,1,0,Female,1
20313,7.889908044712573,4,4,4,1,0,Female,0
20349,4.444632535449203,5,9,2,0,0,Female,0
12179,6.2528135707990025,7,4,2,0,0,Female,0
15326,8.822887271160681,5,9,3,1,0,Male,0
6560,6.600833396533806,1,6,2,1,1,Male,1
18612,9.983094123417702,7,7,3,1,1,Female,0
22650,7.354355709679613,8,3,4,0,1,Female,0
31745,5.926972915815721,7,8,2,1,1,Male,0
36890,5.320667955428519,4,3,4,0,0,Female,0
25022,6.103123205716971,8,1,2,0,1,Female,0
9780,6.235199642557305,5,5,2,1,0,Female,0
23311,4.412282066343765,9,2,4,1,0,Female,0
33380,6.217445196560639,5,6,0,0,1,Female,0
7356,6.7854311184353495,1,9,0,0,1,Female,1
9790,8.336426513432828,9,1,0,0,0,Male,0
31911,7.940376908329648,5,4,0,0,0,Male,0
29363,8.252593931374925,6,1,2,1,0,Male,0
25049,4.050182091261142,4,1,1,0,0,Male,0
15181,5.306004397483216,6,8,4,1,1,Female,0
21082,7.970105730399139,8,2,1,1,0,Female,0
5661,6.903936209078482,3,1,1,1,1,Male,1
7920,4.031880854010076,5,8,3,0,0,Male,1
30658,8.826967854590933,2,4,0,0,0,Male,0
19025,8.636857439742023,2,3,2,1,0,Male,0
13946,7.290514977961376,7,4,0,1,1,Male,0
33706,4.398779954657632,6,5,0,1,0,Female,0
21309,8.599090297195508,4,1,1,1,1,Female,0
38120,7.502281526388184,5,1,3,0,1,Male,0
35027,8.691759862947755,1,3,0,1,1,Male,0
12005,8.510481954375042,7,6,4,0,0,Female,0
5956,8.818012431747022,8,1,4,0,1,Female,0
39839,7.108048398427749,9,2,0,0,1,Female,0
13595,4.84194710916109,8,7,1,0,0,Male,1
17803,8.026944840278132,5,1,1,1,0,Female,0
30963,7.722842710311824,3,7,2,0,1,Male,0
38723,8.453519123194523,9,4,3,1,1,Male,0
20282,5.019286036304412,6,6,1,0,0,Female,0
9703,5.1698511994017355,5,8,2,1,1,Female,1
11563,9.34245710331597,3,9,4,1,1,Female,1
30849,8.499866790712424,6,6,4,1,1,Male,0
36860,9.449370932201937,3,9,4,1,0,Female,0
36585,8.552291926983525,6,4,0,1,1,Female,0
27015,7.582931835941811,4,6,3,0,0,Male,0
17003,7.924796422167242,2,8,2,1,0,Female,0
31958,9.334767543640059,8,9,3,0,0,Female,0
31017,7.472840527071643,4,3,0,1,1,Male,0
16171,7.794347945970324,9,2,2,0,0,Male,0
17201,4.938860296021604,7,6,2,0,1,Male,0
34426,6.843527320696616,2,4,1,0,0,Male,0
22778,8.298382671748595,4,1,3,1,1,Male,0
26116,5.6256561898981925,5,8,3,0,1,Female,0
38297,5.21352508314721,3,9,1,1,1,Female,1
24342,5.882960849346493,9,9,4,1,0,Male,0
32490,5.4490037679570005,5,2,0,0,1,Female,0
24975,5.289475822218375,2,9,3,0,1,Female,1
31723,6.549105057208521,3,7,1,1,0,Male,0
28279,9.447031083301205,9,5,2,1,0,Male,0
17765,7.042357880432309,7,7,1,1,1,Male,0
16561,5.127522284891938,2,9,4,1,0,Female,1
5525,4.461830016285244,9,8,0,1,0,Male,1
27861,8.176936870827552,4,6,4,1,0,Female,0
38142,6.296792586618327,9,4,2,0,1,Female,0
31916,8.930985679512155,2,1,2,1,0,Female,0
9648,7.957064611844621,4,6,2,1,1,Female,0
35523,8.777448703248211,5,3,2,0,0,Male,0
34052,5.6316762365106925,2,6,1,0,0,Female,1
39414,8.154153534766348,1,6,2,0,1,Male,0
37781,5.584371908162312,7,4,2,1,0,Female,0
9599,9.63441087670175,1,2,1,0,0,Male,1
8814,7.818245689200246,8,9,2,0,0,Male,0
31616,5.947070801052052,3,2,4,1,0,Male,1
7113,5.617071173753636,6,3,4,1,1,Female,1
18760,5.145559510429861,7,1,3,1,1,Female,0
26927,8.167845753362368,1,7,4,1,1,Female,0
25939,5.312293677987563,6,1,0,0,1,Male,0
37419,7.571819595564934,7,9,0,1,1,Female,0
17588,5.587810161552144,6,1,0,0,1,Female,0
38397,7.971813668763211,4,5,1,1,1,Female,0
21653,8.889638371243235,1,7,4,0,0,Male,0
15831,8.668151458867918,9,3,0,1,1,Female,0
10724,8.56510798558469,4,9,3,1,1,Female,0
16083,5.126334434153512,7,8,1,1,1,Male,0
24816,4.530309681907112,7,3,3,0,0,Male,0
11276,8.193692970924314,2,5,4,0,1,Male,1
18994,6.210083282766108,1,7,2,0,1,Male,0
28499,6.594077358420083,8,4,3,1,1,Male,0
28040,4.186894556760347,8,5,2,0,0,Male,0
21959,5.557458695650295,7,3,1,1,1,Female,0
11099,4.202058423246784,8,9,3,1,0,Female,1
24576,9.275114635607487,3,9,3,1,0,Male,0
11116,5.460380099311183,2,7,1,0,0,Female,1
20563,7.344023017438048,7,2,1,1,0,Male,0
31788,4.2338759239667825,8,7,0,0,1,Female,0
31928,8.001084347833949,1,7,4,1,0,Male,0
14847,5.938164074524563,9,5,3,1,0,Male,1
31155,9.387515121745995,4,9,3,1,1,Female,0
19135,9.328709133604214,4,3,1,0,0,Female,0
22774,5.951743710170486,3,4,1,0,0,Female,1
6742,9.405765374142806,6,1,4,1,0,Female,0
23309,9.976946040992672,1,6,1,0,0,Female,0
5619,8.952493984743688,6,4,2,0,0,Female,0
22658,9.069228086531375,2,1,2,1,0,Female,0
39707,5.494052416654539,9,2,2,1,1,Female,0
25337,7.460214393146538,2,3,2,0,1,Male,0
21001,4.403535483804207,7,9,4,1,1,Female,0
5968,4.569507620930018,1,8,3,1,1,Female,1
30892,9.993355672199744,7,7,2,0,0,Male,0
30619,5.959835496555465,5,4,1,0,0,Male,0
5281,8.489103472293078,8,1,2,1,0,Male,0
32420,8.839990318160899,4,8,4,0,1,Male,0
20360,9.148139626043374,7,4,1,0,1,Female,0
6058,9.98576978441294,6,3,2,1,0,Female,0
25677,5.448978911541207,5,9,3,1,0,Male,0
15724,4.242104961158198,4,4,1,1,1,Male,0
33404,6.467149107967516,7,4,1,1,1,Female,0
34856,4.780484018973682,5,9,3,0,1,Female,0
14200,4.1345553349723305,5,2,1,0,1,Female,1
38997,6.162560962848916,1,5,2,1,0,Female,0
30611,8.702429506451418,2,4,1,1,1,Male,0
6239,7.397084147350425,5,9,2,1,1,Female,0
5125,5.876667935262124,3,5,3,1,0,Male,1
28857,7.926052032956318,2,9,0,0,0,Male,0
20398,5.3921090818528645,4,9,3,0,0,Male,0
11638,4.08628867643251,4,2,2,1,1,Female,1
11570,8.586120318618564,4,9,4,1,1,Male,0
8249,7.742458509184054,4,3,3,0,1,Female,0
14110,8.57381574700576,3,4,4,0,1,Male,1
18605,4.233628100125994,7,1,4,0,0,Female,0
17115,9.022717766983913,9,1,2,0,0,Male,0
27911,7.7171572002178195,5,1,2,1,1,Male,0
37556,7.380372104275841,4,9,0,0,1,Female,0
17595,7.747684288687189,2,8,1,0,1,Female,0
6969,9.186599481210184,2,5,3,0,0,Male,1
22275,7.521619039353443,5,5,2,1,1,Male,0
9470,7.485702279329076,7,9,3,1,0,Female,0
15225,9.944074942394595,9,3,4,0,1,Male,0
28196,8.540381002411408,7,3,1,0,0,Female,0
18669,6.6537628327068115,5,7,0,1,0,Female,0
20577,8.244382000197566,6,9,3,1,1,Male,0
27473,6.335382830150731,3,6,1,0,0,Female,0
33625,5.373252774900994,5,2,0,1,0,Male,0
20504,7.581111261326557,8,1,3,0,1,Female,0
29089,9.56909258868371,1,2,1,1,0,Female,0
5302,9.574837120092777,1,1,2,0,1,Male,1
36463,6.051431668632942,7,9,3,0,0,Female,0
34259,7.16606479733017,5,8,1,1,0,Male,0
35659,5.269815391419167,5,7,0,0,0,Female,0
36890,9.973786656993301,1,3,1,1,0,Female,0
18598,9.886707447207614,9,8,2,1,1,Female,0
24508,7.897053578244684,1,2,3,1,1,Female,0
18380,8.82648435806484,5,2,3,0,1,Male,0
31984,8.2906009677022,9,3,3,0,0,Female,0
13125,7.558949314236809,4,7,2,0,0,Female,0
9033,4.320087981933386,8,1,0,1,1,Female,1
22087,6.728586055315967,6,8,3,0,1,Male,0
10704,8.048717813004464,3,7,0,0,1,Male,1
12848,8.065189683302108,4,4,1,0,1,Male,0
26592,6.238735710534302,2,5,0,0,0,Male,0
11924,9.650151919948183,1,1,0,1,1,Female,1
32208,5.004142193420686,8,4,3,0,0,Female,0
24614,7.002156677293364,1,1,4,1,1,Female,0
5488,8.145303859304937,1,1,4,1,0,Male,1
30923,8.182814835350856,4,1,2,1,1,Male,0
34165,7.891833740612894,6,7,2,1,1,Female,0
6667,5.6517292807111605,9,7,4,0,0,Female,1
31213,4.937239412119732,1,4,1,0,0,Female,1
9114,7.815641960960265,7,2,3,0,1,Male,0
12761,7.595812696836626,5,3,3,1,0,Female,0
36116,5.076136061735446,8,8,1,0,1,Female,0
38768,8.23083487342338,7,8,1,1,0,Male,0
30426,6.731031950401938,4,6,4,0,1,Male,0
22772,8.006563549618917,4,9,2,0,1,Female,0
8712,9.024202478620904,6,9,1,0,1,Male,0
6367,5.0183705714615385,6,4,2,1,1,Female,1
31200,4.11486920798102,9,1,0,0,1,Female,0
8726,8.67461551837472,5,1,3,1,1,Female,0
28616,7.658184550915696,8,5,4,1,1,Female,0
32723,8.19783741773273,5,2,3,1,1,Male,0
39958,9.028929849931856,2,6,4,0,0,Male,0
14108,8.816865608947003,6,7,0,0,0,Male,0
17178,9.765520881572948,9,1,3,1,0,Female,0
36324,7.21561047311271,3,6,0,1,1,Female,0
22824,6.930973795959432,1,8,4,1,1,Female,0
13927,6.41132319934438,1,5,1,1,1,Male,1
33144,4.9221462570652275,3,7,3,1,0,Male,1
36010,7.435643397292134,5,6,0,0,0,Female,0
27443,5.662075145955873,3,4,3,0,0,Male,1
19437,9.527845073277852,9,7,3,0,0,Male,0
16207,7.499144825662586,8,9,3,1,0,Male,0
30537,7.557041083048661,3,7,2,1,1,Male,0
17040,6.12954796526206,9,5,0,0,0,Female,0
27612,4.311936111866245,6,7,0,0,1,Male,0
33441,4.190462592237932,7,3,3,1,1,Female,0
11471,6.540010864919185,4,2,1,1,1,Male,0
31523,4.507392268583427,4,5,3,1,0,Female,0
36348,7.641081733240835,2,4,2,0,0,Female,0
6177,9.285838033837944,5,5,4,1,1,Male,0
9760,9.297488899112333,8,8,2,1,0,Female,0
37779,7.954272460793394,7,4,1,1,0,Female,0
26636,5.267390988837586,7,9,3,0,1,Male,0
21353,9.177980988153232,6,7,0,1,1,Female,0
16556,9.316560611879249,3,7,3,0,1,Male,0
32598,5.179921509717753,5,8,1,1,1,Female,0
16563,8.424556514624063,1,6,0,1,1,Male,0
13234,5.7191172935627375,7,8,2,0,0,Male,1
30519,8.815841874117577,9,3,4,1,1,Male,0
31966,9.983427399421616,1,1,4,0,0,Male,0
21173,4.180156031976357,2,6,3,1,0,Male,1
31987,9.38419519474559,3,1,2,0,1,Female,0
18178,7.735783201591948,3,9,1,1,1,Female,0
29596,9.840295714988926,8,2,4,0,0,Male,0
38174,6.790057105158565,7,2,2,0,1,Female,0
9431,9.084327583428243,6,7,3,1,0,Female,0
32764,4.374364411589664,4,2,0,0,1,Female,0
26627,6.011674300469775,9,8,3,1,1,Male,0
13906,4.40209922650726,1,6,3,0,0,Male,1
18076,9.852058800874424,2,7,2,1,0,Female,0
11012,8.90184344363102,4,7,4,1,1,Male,0
12151,9.115284527475822,3,6,2,1,1,Male,1
33211,9.627791388603365,1,9,0,1,1,Female,0
32117,4.510620916718712,5,9,2,0,0,Male,0
11894,6.31358555508,7,7,1,1,1,Male,0
18467,4.426209334264013,2,9,3,1,1,Male,1
36010,5.264758609300172,5,3,4,1,1,Male,0
17289,5.376194662226034,6,3,0,1,1,Male,0
28171,6.814643266285472,7,1,3,1,0,Female,0
39905,5.611373004721855,1,5,2,0,0,Male,1
25829,4.605868640906566,7,4,1,1,0,Male,0
39054,5.004946534564646,4,2,2,0,1,Female,0
34734,4.883653381312546,8,9,3,0,1,Female,0
12052,9.838460787473789,4,3,0,1,1,Male,0
8654,8.555755041510842,6,8,4,1,0,Female,0
28486,9.806568791617373,9,6,3,0,0,Male,0
23743,6.638442919047451,5,5,0,0,0,Female,0
29489,5.670210889975939,4,1,3,0,0,Male,0
13636,8.78975918325512,8,4,1,1,1,Female,0
11441,5.957523508246881,9,3,2,0,0,Male,1
29611,5.79630024223209,4,1,4,0,0,Female,0
17149,5.395035953246987,3,5,0,1,1,Male,1
39566,4.778073869345413,8,6,4,0,0,Male,0
26675,5.538778366100596,5,2,4,1,1,Male,0
10495,6.131918490843326,2,3,4,0,1,Female,1
18673,8.043965248874382,9,6,0,1,1,Female,0
16130,4.3753890533167095,3,4,0,0,1,Male,1
27668,5.263041637992058,2,9,4,1,1,Male,1
20222,8.854141841750058,1,5,2,1,0,Male,0
28669,4.881531541502625,8,4,3,0,0,Male,0
39068,6.05587087913513,3,2,4,1,1,Female,0
28253,9.18795353114884,7,6,1,0,0,Female,0
14435,4.929551866860656,1,2,4,1,1,Female,1
33552,4.496421013709139,1,7,0,1,0,Male,1
21393,6.907227970480065,9,3,3,1,0,Male,0
15617,5.814517067671218,8,9,1,1,0,Female,0
14852,7.380450186903125,3,5,3,1,0,Female,1
36401,8.822829342900851,6,8,3,1,0,Female,0
11295,4.822890928916459,3,6,1,1,0,Female,1
39084,7.48419450732571,4,8,4,0,0,Male,0
12227,7.033052562339184,1,3,4,0,1,Male,1
36910,4.864472716079197,5,3,4,1,1,Male,0
28384,7.743990913173894,1,5,2,1,1,Female,0
5145,5.64184250716463,1,3,4,1,0,Male,1
21035,6.927005911264075,7,8,1,0,0,Female,0
8040,4.4936339456623715,6,8,2,1,1,Female,1
31160,6.757504343281738,2,2,4,0,1,Female,0
22633,5.838780808256922,2,4,2,1,0,Female,1
34344,8.934287267112126,7,1,1,1,1,Female,0
22014,4.34187236198421,1,4,4,1,1,Male,1
19996,6.511643649509979,2,4,0,1,1,Male,0
16695,6.750588544788628,8,9,1,1,1,Male,0
7852,8.350036457794712,6,3,3,0,0,Female,0
21014,7.445725450541266,2,2,3,1,1,Male,0
32042,8.003274023165087,7,9,1,0,1,Female,0
38755,8.662295713910536,4,9,3,0,1,Male,0
28711,9.173217841949132,2,1,1,1,1,Female,0
31122,5.883252980334823,6,6,0,1,0,Female,0
14160,7.2281362321834175,9,8,1,1,1,Male,0
32213,9.0406484706352,9,3,4,0,1,Female,0
12421,9.936706785790339,8,9,4,0,1,Male,0
26400,9.337115866262579,3,2,2,0,1,Male,0
38537,6.2288035757462605,3,6,3,1,1,Male,0
22727,5.170999103311902,2,1,3,0,0,Female,1
9358,6.936355224439533,5,7,1,0,1,Female,0
33482,8.449848711016253,4,3,3,0,1,Female,0
37117,6.955414424519786,7,7,4,1,0,Female,0
28164,6.899085179882011,4,4,0,0,1,Male,0
36910,9.029382526490803,9,9,1,0,0,Female,0
37496,6.168422674403118,2,5,3,1,1,Male,0
34371,9.158768048869874,6,3,4,1,0,Male,0
22625,6.440828805710341,7,8,2,1,0,Female,0
38893,5.9693986340700365,4,6,3,0,1,Female,0
15793,6.7239394671981945,6,2,0,0,0,Male,0
36007,8.57468175204921,7,3,0,0,1,Female,0
30766,4.7560121671839655,4,8,3,1,0,Male,0
17323,5.1785152952321045,8,7,3,0,0,Female,0
12843,9.708668953978552,9,6,4,1,1,Female,0
19210,5.052949764288144,1,1,3,1,0,Male,1
21456,7.406363907586328,7,9,2,0,1,Male,0
36367,7.475886799971628,9,3,4,0,0,Male,0
15106,6.937746772301469,5,5,1,0,0,Female,0
7472,7.8684714914609115,2,7,2,1,1,Female,1
11704,5.37896035478571,6,7,4,1,1,Female,1
8713,7.3159736066604895,7,3,4,0,0,Male,0
10051,6.233039531481383,2,4,0,1,1,Male,1
15756,7.970003557775135,2,7,4,0,1,Female,0
7475,4.847341260238897,1,8,2,0,0,Male,1
9255,7.425264501036858,4,2,3,0,0,Female,0
19484,5.111622132299942,7,9,2,1,1,Male,0
39503,5.671858378690218,9,7,1,1,0,Female,0
13258,5.3122588019415,3,8,4,0,1,Female,1
13533,5.097026679212902,7,6,4,0,1,Female,1
37581,8.954265709364002,7,6,4,1,1,Male,0
10249,5.714245405965342,7,9,4,0,1,Male,1
24201,9.562742691186696,2,4,0,1,1,Female,0
14686,9.819559152071145,6,5,0,0,1,Female,0
37007,7.427562819622584,2,9,3,1,0,Female,0
5661,4.858006735994358,6,1,4,0,1,Female,1
35137,6.2472894602774875,3,4,1,1,0,Female,0
15526,8.786393580089284,2,7,3,0,1,Female,0
8374,6.2043443721824225,6,9,4,1,0,Male,0
30592,4.522103309816733,2,6,0,1,0,Male,1
33982,7.340709465569128,5,8,1,1,0,Male,0
5207,9.070725108976209,2,9,3,1,1,Male,1
28197,8.775558322861015,3,4,1,0,0,Female,0
38400,5.050738840782119,3,1,4,1,0,Female,1
8083,8.0365876864748,6,8,2,1,1,Female,0
34328,5.323025580613883,6,2,1,0,0,Male,0
25103,5.309245207313033,3,1,1,1,0,Male,1
15754,9.244430639831112,3,7,0,0,1,Female,0
39447,5.498013716441381,1,9,4,1,0,Male,1
20901,5.579484079108067,7,9,1,1,0,Male,0
38004,4.003920344567797,8,3,4,1,1,Female,0
12446,9.224014204753106,2,6,0,1,0,Female,1
34301,8.755568879254808,4,7,4,1,0,Female,0
31116,7.763973610544068,7,9,0,1,0,Male,0
23752,8.501594583633054,8,2,0,0,0,Female,0
37376,4.91229140454695,1,8,3,0,1,Female,1
21669,6.749941567525452,4,7,4,1,1,Female,0
37916,6.107316324092685,6,4,2,1,1,Male,0
18395,4.5626591575420985,3,2,3,0,1,Male,1
25421,6.916782911289545,5,8,0,0,0,Female,0
31342,9.524437902055812,9,5,2,1,1,Female,0
9895,4.240354714304167,3,6,1,1,1,Male,1
16023,5.7487654809627635,5,7,1,1,0,Male,0
15699,5.245245617234221,8,1,3,1,0,Female,0
14715,5.428879921994178,6,8,2,1,0,Male,1
24169,9.45060731127625,4,4,4,1,1,Female,0
21163,6.8084143254057405,8,9,2,0,0,Female,0
10782,6.797796477638913,3,1,3,1,0,Male,1
27641,8.563453854731694,3,2,4,1,0,Female,0
23792,4.926953224029555,4,6,4,0,1,Female,0
35682,6.9235921246003045,9,1,1,0,1,Male,0
23880,6.579911284726358,5,4,2,0,1,Female,0
23073,7.581464143279937,8,8,4,0,1,Male,0
29837,9.997346219502631,6,5,3,1,1,Female,0
22826,8.616693364492281,3,9,1,0,1,Female,0
29981,6.387194218104563,8,6,4,0,1,Male,0
15382,8.965318313644282,9,1,2,1,0,Male,0
9437,5.0242501798748815,8,6,1,0,0,Male,1
10435,4.182782117853761,4,6,2,0,0,Male,1
29819,5.2266902347856385,6,6,2,1,1,Male,0
36982,6.042469336685558,1,8,2,1,1,Male,0
38328,7.063484544757359,4,6,1,1,0,Female,0
17329,7.690774843247199,8,5,4,1,0,Male,0
30169,9.46363430328653,1,2,0,1,1,Female,0
26932,7.059124057302746,3,4,4,1,1,Male,0
39594,7.007653867754376,1,5,1,1,1,Female,0
16421,4.301458058937893,9,4,0,0,1,Female,0
12629,4.209469315937342,2,2,0,0,1,Male,1
13325,7.306959771498232,9,7,0,1,1,Female,0
33495,6.6290716794900675,4,2,3,0,1,Female,0
36750,9.035082369881792,2,1,1,1,1,Female,0
34619,4.964077508271071,4,5,3,0,0,Male,0
13264,4.149829972702298,6,1,0,1,1,Male,1
17686,6.694232607580755,7,1,3,0,1,Female,0
29226,5.424871340513545,3,1,3,1,1,Male,1
11721,4.297686240033025,3,6,1,0,0,Male,1
25609,8.347589721085773,8,9,2,1,0,Female,0
12373,4.669557999743485,5,1,3,0,1,Female,1
33937,7.64991700004663,4,5,3,0,0,Male,0
10656,5.686298501001335,7,9,0,1,0,Male,1
13984,5.040976302130132,7,9,0,0,0,Male,1
34984,6.278509137515905,9,1,0,0,1,Female,0
13286,8.808674657337722,9,8,4,0,1,Male,0
10901,6.352561461427436,5,1,3,0,1,Male,0
36552,8.504617895266335,8,8,0,0,1,Male,0
30709,4.752917780794904,1,1,1,1,1,Female,1
36055,8.636628517990474,9,5,4,1,1,Female,0
13429,5.421599949439892,8,8,2,0,1,Female,1
19716,8.064358779333237,6,6,3,1,0,Male,0
16138,7.394689329045978,3,9,3,0,1,Male,0
28429,9.574868303270124,3,1,1,1,1,Female,0
10772,6.323935107851884,8,9,2,0,1,Male,0
22347,4.396991133006643,5,1,2,0,1,Male,0
21920,4.114932913307517,7,3,4,0,1,Male,0
36822,8.961151365836518,5,1,3,0,1,Female,0
28563,7.148413825968593,8,3,0,1,1,Male,0
12967,8.651464311009695,4,2,1,1,1,Male,0
16871,5.406553600069088,2,2,1,1,0,Female,1
33763,6.070502473079403,3,9,1,0,0,Male,0
16916,4.180623233267914,8,8,1,1,1,Female,0
13734,9.768953947444672,7,1,0,1,1,Male,0
38613,8.00720744020488,2,4,0,0,0,Female,0
33179,9.599230526555838,6,1,4,0,1,Female,0
17677,5.592978444574434,9,1,3,0,1,Male,0
23268,7.668781667353965,4,4,0,1,0,Male,0
17330,8.070999809755827,9,2,4,1,1,Female,0
25733,5.905298201545531,2,3,2,0,1,Male,1
32286,9.08865541009378,2,9,3,1,1,Female,0
11610,9.682968777401488,9,2,0,0,0,Male,0
11430,9.309130706176026,7,4,2,1,0,Male,0
18828,8.434401855636235,7,1,4,0,1,Male,0
36497,5.664788078349725,1,2,0,1,0,Male,1
31526,5.689696252633791,6,5,0,1,0,Female,0
35158,9.780161922676228,7,1,2,1,0,Female,0
30032,4.061706975614152,6,7,0,0,1,Male,0
34794,8.296299839452868,6,4,1,0,0,Male,0
10448,8.237476975331573,2,6,0,0,0,Male,1
33861,7.736137245698785,6,8,3,1,0,Male,0
33141,9.940653076521194,4,6,2,0,1,Male,0
14074,5.871276614582351,9,2,3,1,0,Female,1
11406,6.039831182759489,1,1,4,0,0,Female,1
36823,4.473636417679334,8,8,3,0,1,Male,0
28291,6.656788819262425,5,8,1,1,0,Female,0
37003,5.566291157409088,1,9,1,1,0,Female,1
39406,6.060320213065865,4,6,3,0,0,Male,0
28312,9.007430741533767,1,1,4,0,1,Female,0
6382,9.612907081164973,6,9,0,1,1,Female,0
39171,5.1143984320311136,2,3,1,1,0,Female,1
8292,6.2350535893207955,5,6,3,0,0,Female,0
38187,9.571783372692364,7,9,3,1,0,Male,0
17411,4.370850764135335,2,3,3,0,0,Female,1
20422,4.554163168668271,6,5,0,0,0,Female,0
37371,4.976745935237377,6,5,2,0,0,Female,0
10693,7.5712770047612485,5,7,4,1,1,Male,0
38535,4.902833626035985,5,4,2,0,0,Female,0
19818,9.8084582887044,3,4,4,0,0,Female,0
36238,6.680287163551122,2,7,4,1,0,Female,0
35874,7.0091077621009985,7,9,3,1,1,Male,0
31715,5.4799516948324385,1,4,1,1,0,Male,1
32605,6.825761514608401,6,4,3,0,1,Male,0
39317,7.971481795822069,6,6,0,1,0,Male,0
36174,8.507062821724256,3,6,4,1,0,Male,0
14956,8.523208496259478,2,7,1,0,0,Female,1
15837,7.46734667616453,2,1,4,0,0,Male,0
8716,9.426158649963144,9,3,4,0,0,Female,0
9481,8.904447083836656,5,9,3,0,0,Male,0
29282,8.542288688191753,7,6,1,1,1,Male,0
11548,4.333633130082764,5,6,1,0,0,Male,1
12758,4.041267773317896,7,5,4,1,0,Female,1
28177,5.274683663172838,4,3,1,0,0,Female,0
29022,7.981141563480714,8,5,1,0,1,Female,0
10542,6.467184933295275,7,1,3,1,0,Male,0
30476,6.41443755579587,5,3,2,1,1,Male,0
35784,9.307521329377682,6,4,0,1,0,Male,0
27740,9.373377088791033,5,5,2,0,0,Male,0
29817,9.455051584321515,7,9,1,0,1,Male,0
21052,5.883268459090164,2,4,4,1,1,Male,1
5671,8.14633487643557,5,3,0,1,0,Female,0
5163,5.629799087646218,3,1,0,0,1,Female,1
9795,5.143658998446699,9,6,4,1,1,Male,1
15634,5.107794744084215,6,7,0,1,0,Female,0
9798,6.052645725181565,3,8,4,0,0,Female,1
27420,6.5797457186789305,7,1,0,1,0,Female,0
34300,8.985695026330411,4,4,2,0,1,Male,0
29345,4.719346560836272,3,5,0,0,0,Male,1
15749,8.409555084369366,8,2,3,0,0,Male,0
30121,7.188729485135832,4,1,4,1,1,Male,0
33411,5.727672056055955,1,8,0,1,1,Female,1
38361,6.956917507196947,6,6,4,1,0,Male,0
26223,5.799652418662136,1,5,3,1,1,Male,1
12394,7.576491731429836,5,9,0,0,1,Male,0
19056,6.603063537131465,7,2,0,0,1,Female,0
33380,4.986433174473272,6,8,3,1,0,Female,0
31035,4.6994984473341805,2,9,3,1,0,Female,1
35620,7.280174092432781,4,1,3,1,0,Female,0
24877,9.414478199716621,2,7,4,1,1,Female,0
35911,6.0637461193461135,1,8,3,0,0,Male,0
37784,8.398000643335738,3,3,4,1,0,Female,0
8191,7.951968129638602,3,4,2,0,1,Female,1
38160,9.589329485856886,7,3,0,1,1,Male,0
30000,8.925886103794845,1,7,0,1,0,Male,0
8631,7.399631553432778,9,9,1,1,1,Male,0
11172,7.942182989404644,6,3,2,0,0,Female,0
28561,9.39031879950421,4,6,3,1,0,Male,0
29817,6.397112707521609,3,8,3,0,0,Female,0
25281,5.960768235146665,3,6,2,0,1,Male,1
33671,4.064866501811178,2,2,3,1,1,Female,1
30364,8.959306445148785,2,7,1,0,0,Female,0
32425,8.80588420242019,5,2,4,0,0,Female,0
33602,4.6267271086009085,9,2,0,0,0,Female,0
28253,7.461144286796202,2,2,2,1,0,Male,0
28472,6.783890189001324,2,1,0,0,1,Male,0
13080,4.712254573054668,6,1,4,0,0,Female,1
12099,9.883409362364342,2,7,2,1,0,Male,1
30431,5.288175324780132,4,5,4,1,1,Female,0
36186,4.403405080543367,6,3,3,0,0,Male,0
35111,7.5690842770114575,5,1,3,0,0,Male,0
27614,8.433200062798196,1,6,3,0,0,Female,0
31724,4.194660676283122,6,1,4,0,0,Female,0
9940,7.952305832362133,1,9,4,1,0,Male,1
33758,7.193751255708727,3,2,4,1,1,Female,0
12788,4.61959005325029,5,1,0,0,1,Male,1
33082,5.035143261678172,5,7,4,1,1,Male,0
29034,7.407845783896483,6,6,3,0,1,Male,0
16280,5.77814568107973,8,6,1,1,0,Female,0
23052,9.629894371907897,5,5,4,1,1,Female,0
21531,8.912441376904304,1,4,1,0,1,Male,0
27804,9.90140323908198,5,4,3,0,1,Female,0
33903,5.558025033702484,3,3,4,0,1,Female,1
15142,9.818341796787863,4,8,0,0,1,Male,0
14866,6.587403218749348,8,7,0,1,1,Female,0
9531,6.085112771882528,7,9,1,1,1,Female,0
33138,4.3020971618161195,5,1,0,0,1,Male,0
32065,4.316591547157616,2,7,0,1,0,Female,1
34956,8.152067535679928,6,4,0,1,1,Male,0
15759,6.747573966604167,6,7,3,0,0,Female,0
10439,5.3591297562166345,6,1,0,0,1,Female,1
33270,7.683821837951395,9,5,2,1,1,Male,0
18279,5.517148709500667,8,3,4,0,1,Male,0
28888,7.465790526066535,8,5,0,0,0,Female,0
22630,6.155252481896142,1,4,0,1,0,Male,0
36182,8.941313359670914,5,2,0,1,1,Male,0
30538,8.924176964600676,7,4,2,0,0,Female,0
16824,6.864102388734408,6,3,0,1,1,Male,0
37125,6.104914656010093,5,1,0,0,0,Female,0
11979,6.175358779354568,8,8,4,0,0,Female,0
31189,8.834287154009306,3,5,2,1,0,Male,0
17504,5.969076896785672,6,4,2,1,1,Female,0
25669,5.254356242241077,5,5,0,0,0,Male,0
11910,4.508130051251841,8,4,2,0,0,Female,1
39964,6.80015872530645,4,3,1,0,1,Male,0
25131,6.892792593519051,8,5,2,1,0,Male,0
30227,9.045452262417443,2,4,2,0,1,Female,0
10978,5.327432178676384,9,1,2,1,1,Male,1
26991,6.2859476420104,9,3,3,0,0,Male,0
22153,8.850434433362146,6,8,3,1,1,Male,0
38548,8.94174166449384,4,7,3,0,0,Female,0
8983,6.307666455872609,4,2,2,1,0,Female,0
14503,6.754744139720085,6,1,1,0,1,Male,0
34921,5.819715345095697,5,3,2,0,0,Male,0
21905,9.595329270515872,6,5,0,0,0,Female,0
28953,4.711862594449482,7,1,1,0,1,Female,0
31806,9.60249653800882,7,3,3,1,1,Female,0
27168,8.103198711012059,9,3,4,1,0,Male,0
9583,7.189432916120387,8,5,1,1,1,Female,0
16889,4.195954364706975,6,3,3,1,1,Male,0
32413,6.8535771509320496,6,9,1,1,1,Female,0
17275,6.446488630016393,5,1,1,0,1,Male,0
7461,4.967312871850735,1,4,2,1,0,Female,1
19291,7.938457621003941,9,4,0,1,0,Male,0
16435,9.826905444209714,9,1,4,1,1,Female,0
32935,7.3731328663871505,9,2,3,1,0,Female,0
38453,8.288519658663674,8,1,1,0,1,Male,0
23544,4.4107027153961,3,6,4,0,1,Female,1
17258,6.506001974901968,1,3,1,0,0,Female,0
35841,4.698150910986975,8,7,0,0,0,Female,0
15736,7.676775013219062,7,5,4,1,0,Female,0
39964,9.630892949284927,5,9,3,1,0,Male,0
33044,7.970666394829831,7,7,1,0,1,Male,0
20997,4.460818289886529,4,4,0,0,1,Female,0
19215,6.127997229910497,9,5,4,1,0,Male,0
38069,7.30398027664511,2,5,1,1,1,Male,0
28911,6.4192465367995135,9,5,1,0,0,Male,0
22030,9.001864062851034,9,9,3,0,0,Male,0
34334,8.888026028259935,5,3,0,0,0,Male,0
19571,7.670986120619329,1,6,2,0,1,Female,0
33927,6.240747670796232,7,8,1,1,1,Male,0
25714,5.532018242579465,4,9,4,1,0,Female,0
28387,4.635245909278776,9,7,3,1,0,Male,0
33444,6.129386100919325,6,3,3,0,0,Female,0
24921,6.479035103246317,3,1,1,1,0,Female,0
18057,8.054937550624441,6,4,1,1,1,Female,0
29858,7.94895894578544,6,6,1,0,1,Male,0
31062,4.4206488378475415,5,3,2,0,0,Male,0
25567,6.371555892586946,2,1,1,0,0,Female,0
34739,5.0906732033041715,2,6,0,0,1,Female,1
8754,4.940876231900834,7,1,4,0,0,Male,1
32044,8.963812898423475,2,9,1,0,1,Male,0
6724,4.251491300297545,6,1,2,1,1,Female,1
6376,6.515097255412728,5,6,4,1,0,Male,0
13706,5.009221934599109,4,1,3,1,1,Male,1
13894,9.275981294070844,7,7,1,1,1,Male,0
23037,7.342243079650211,8,3,4,1,1,Male,0
23450,5.388283818261089,4,6,3,1,1,Male,0
21406,7.0145637229982585,1,7,2,0,0,Male,0
34725,8.388918158218695,1,1,0,0,1,Female,0
10926,9.748708053516602,1,1,1,0,1,Female,1
14496,5.322676025472513,1,5,0,1,1,Female,1
34806,9.317090632776072,5,6,2,1,0,Female,0
27663,9.605824685004942,4,9,4,0,0,Female,0
27656,9.498523267192397,9,1,4,0,0,Female,0
30860,7.812486141171459,3,4,2,0,1,Male,0
21832,7.778923926608246,7,8,2,0,0,Male,0
26727,6.419263799102937,8,9,1,0,0,Female,0
34545,8.514387293822727,6,3,3,1,0,Female,0
7520,7.187764110105592,1,2,0,1,1,Female,1
8081,8.064628427369767,8,4,0,1,0,Male,0
39196,6.570747423092772,3,2,4,0,0,Male,0
19566,8.388978784258835,8,1,4,1,0,Male,0
19042,8.946829105627295,4,3,1,0,1,Male,0
30498,4.878617539616897,8,7,2,1,1,Female,0
16329,8.997578293445368,1,1,0,0,0,Female,0
